date,equity
2020-07-16,1000.0
2020-07-17,1000.0
2020-07-18,1000.0
2020-07-19,1000.0
2020-07-20,1000.0
2020-07-21,1000.0
2020-07-22,1018.798594099478
2020-07-23,1018.798594099478
2020-07-24,1018.798594099478
2020-07-25,1018.798594099478
2020-07-26,1018.798594099478
2020-07-27,1018.798594099478
2020-07-28,1061.5046640966616
2020-07-29,1061.5046640966616
2020-07-30,1061.5046640966616
2020-07-31,1061.5046640966616
2020-08-01,1061.5046640966616
2020-08-02,1061.5046640966616
2020-08-03,1127.3085824594953
2020-08-04,1127.3085824594953
2020-08-05,1127.3085824594953
2020-08-06,1183.7833754673425
2020-08-07,1183.7833754673425
2020-08-08,1183.7833754673425
2020-08-09,1183.7833754673425
2020-08-10,1183.7833754673425
2020-08-11,1183.7833754673425
2020-08-12,1183.7833754673425
2020-08-13,1183.7833754673425
2020-08-14,1183.7833754673425
2020-08-15,1183.7833754673425
2020-08-16,1183.7833754673425
2020-08-17,1183.7833754673425
2020-08-18,1183.7833754673425
2020-08-19,1221.008325648125
2020-08-20,1221.008325648125
2020-08-21,1221.008325648125
2020-08-22,1221.008325648125
2020-08-23,1221.008325648125
2020-08-24,1221.008325648125
2020-08-25,1221.008325648125
2020-08-26,1221.008325648125
2020-08-27,1227.8489572746462
2020-08-28,1227.8489572746462
2020-08-29,1227.8489572746462
2020-08-30,1227.8489572746462
2020-08-31,1227.8489572746462
2020-09-01,1227.8489572746462
2020-09-02,1227.8489572746462
2020-09-03,1227.8489572746462
2020-09-04,1227.8489572746462
2020-09-05,1227.8489572746462
2020-09-06,1227.8489572746462
2020-09-07,1227.8489572746462
2020-09-08,1227.8489572746462
2020-09-09,1227.8489572746462
2020-09-10,1194.5856757465936
2020-09-11,1194.5856757465936
2020-09-12,1194.5856757465936
2020-09-13,1194.5856757465936
2020-09-14,1194.5856757465936
2020-09-15,1207.7001489259856
2020-09-16,1207.7001489259856
2020-09-17,1207.7001489259856
2020-09-18,1207.7001489259856
2020-09-19,1207.7001489259856
2020-09-20,1207.7001489259856
2020-09-21,1192.9167918237947
2020-09-22,1192.9167918237947
2020-09-23,1192.9167918237947
2020-09-24,1146.0852870541808
2020-09-25,1146.0852870541808
2020-09-26,1146.0852870541808
2020-09-27,1146.0852870541808
2020-09-28,1146.0852870541808
2020-09-29,1146.0852870541808
2020-09-30,1146.0852870541808
2020-10-01,1165.9614076954317
2020-10-02,1165.9614076954317
2020-10-03,1165.9614076954317
2020-10-04,1165.9614076954317
2020-10-05,1165.9614076954317
2020-10-06,1165.9614076954317
2020-10-07,1165.9614076954317
2020-10-08,1165.9614076954317
2020-10-09,1165.9614076954317
2020-10-10,1165.9614076954317
2020-10-11,1165.9614076954317
2020-10-12,1245.7257072000687
2020-10-13,1245.7257072000687
2020-10-14,1245.7257072000687
2020-10-15,1242.4431625170646
2020-10-16,1242.4431625170646
2020-10-17,1242.4431625170646
2020-10-18,1242.4431625170646
2020-10-19,1217.539632982379
2020-10-20,1217.539632982379
2020-10-21,1217.539632982379
2020-10-22,1217.539632982379
2020-10-23,1217.539632982379
2020-10-24,1217.539632982379
2020-10-25,1217.539632982379
2020-10-26,1227.5414911738724
2020-10-27,1227.5414911738724
2020-10-28,1227.5414911738724
2020-10-29,1227.5414911738724
2020-10-30,1201.0280777815576
2020-10-31,1201.0280777815576
2020-11-01,1201.0280777815576
2020-11-02,1201.0280777815576
2020-11-03,1201.0280777815576
2020-11-04,1201.0280777815576
2020-11-05,1314.318029772353
2020-11-06,1314.318029772353
2020-11-07,1314.318029772353
2020-11-08,1314.318029772353
2020-11-09,1314.318029772353
2020-11-10,1314.318029772353
2020-11-11,1314.318029772353
2020-11-12,1336.4983299249218
2020-11-13,1336.4983299249218
2020-11-14,1336.4983299249218
2020-11-15,1336.4983299249218
2020-11-16,1336.4983299249218
2020-11-17,1336.4983299249218
2020-11-18,1336.4983299249218
2020-11-19,1336.4983299249218
2020-11-20,1336.4983299249218
2020-11-21,1336.4983299249218
2020-11-22,1336.4983299249218
2020-11-23,1336.4983299249218
2020-11-24,1336.4983299249218
2020-11-25,1336.4983299249218
2020-11-26,1336.4983299249218
2020-11-27,1336.4983299249218
2020-11-28,1336.4983299249218
2020-11-29,1336.4983299249218
2020-11-30,1357.231228305327
2020-12-01,1357.231228305327
2020-12-02,1357.231228305327
2020-12-03,1357.231228305327
2020-12-04,1357.231228305327
2020-12-05,1357.231228305327
2020-12-06,1357.231228305327
2020-12-07,1357.231228305327
2020-12-08,1357.231228305327
2020-12-09,1357.231228305327
2020-12-10,1357.231228305327
2020-12-11,1357.231228305327
2020-12-12,1357.231228305327
2020-12-13,1357.231228305327
2020-12-14,1357.231228305327
2020-12-15,1357.231228305327
2020-12-16,1330.950451688118
2020-12-17,1330.950451688118
2020-12-18,1330.950451688118
2020-12-19,1330.950451688118
2020-12-20,1330.950451688118
2020-12-21,1330.950451688118
2020-12-22,1330.950451688118
2020-12-23,1330.950451688118
2020-12-24,1330.950451688118
2020-12-25,1330.950451688118
2020-12-26,1330.950451688118
2020-12-27,1330.950451688118
2020-12-28,1330.950451688118
2020-12-29,1330.950451688118
2020-12-30,1330.950451688118
2020-12-31,1330.950451688118
2021-01-01,1330.950451688118
2021-01-02,1330.950451688118
2021-01-03,1330.950451688118
2021-01-04,1330.950451688118
2021-01-05,1330.950451688118
2021-01-06,1330.950451688118
2021-01-07,1330.950451688118
2021-01-08,1330.950451688118
2021-01-09,1330.950451688118
2021-01-10,1330.950451688118
2021-01-11,1330.950451688118
2021-01-12,1269.1821385984942
2021-01-13,1269.1821385984942
2021-01-14,1269.1821385984942
2021-01-15,1269.1821385984942
2021-01-16,1269.1821385984942
2021-01-17,1269.1821385984942
2021-01-18,1269.1821385984942
2021-01-19,1269.1821385984942
2021-01-20,1269.1821385984942
2021-01-21,1269.1821385984942
2021-01-22,1344.389844381074
2021-01-23,1344.389844381074
2021-01-24,1344.389844381074
2021-01-25,1344.389844381074
2021-01-26,1344.389844381074
2021-01-27,1344.389844381074
2021-01-28,1344.389844381074
2021-01-29,1302.7326142841866
2021-01-30,1302.7326142841866
2021-01-31,1302.7326142841866
2021-02-01,1302.7326142841866
2021-02-02,1302.7326142841866
2021-02-03,1306.1506898179007
2021-02-04,1306.1506898179007
2021-02-05,1306.1506898179007
2021-02-06,1306.1506898179007
2021-02-07,1306.1506898179007
2021-02-08,1306.1506898179007
2021-02-09,1306.1506898179007
2021-02-10,1306.1506898179007
2021-02-11,1306.1506898179007
2021-02-12,1306.1506898179007
2021-02-13,1306.1506898179007
2021-02-14,1306.1506898179007
2021-02-15,1306.1506898179007
2021-02-16,1306.1506898179007
2021-02-17,1306.1506898179007
2021-02-18,1306.1506898179007
2021-02-19,1306.1506898179007
2021-02-20,1306.1506898179007
2021-02-21,1306.1506898179007
2021-02-22,1306.1506898179007
2021-02-23,1306.1506898179007
2021-02-24,1356.4399866463434
2021-02-25,1356.4399866463434
2021-02-26,1343.0789841834446
2021-02-27,1343.0789841834446
2021-02-28,1343.0789841834446
2021-03-01,1343.0789841834446
2021-03-02,1343.0789841834446
2021-03-03,1343.0789841834446
2021-03-04,1343.0789841834446
2021-03-05,1323.59485187454
2021-03-06,1323.59485187454
2021-03-07,1323.59485187454
2021-03-08,1323.59485187454
2021-03-09,1323.59485187454
2021-03-10,1373.2767953886341
2021-03-11,1373.2767953886341
2021-03-12,1373.2767953886341
2021-03-13,1373.2767953886341
2021-03-14,1373.2767953886341
2021-03-15,1373.2767953886341
2021-03-16,1373.2767953886341
2021-03-17,1414.9040501496065
2021-03-18,1414.9040501496065
2021-03-19,1414.9040501496065
2021-03-20,1414.9040501496065
2021-03-21,1414.9040501496065
2021-03-22,1414.9040501496065
2021-03-23,1414.9040501496065
2021-03-24,1414.9040501496065
2021-03-25,1414.9040501496065
2021-03-26,1389.9061505683912
2021-03-27,1389.9061505683912
2021-03-28,1389.9061505683912
2021-03-29,1389.9061505683912
2021-03-30,1389.9061505683912
2021-03-31,1432.1925132771594
2021-04-01,1432.1925132771594
2021-04-02,1432.1925132771594
2021-04-03,1432.1925132771594
2021-04-04,1432.1925132771594
2021-04-05,1432.1925132771594
2021-04-06,1432.1925132771594
2021-04-07,1432.1925132771594
2021-04-08,1482.9278477427363
2021-04-09,1482.9278477427363
2021-04-10,1482.9278477427363
2021-04-11,1482.9278477427363
2021-04-12,1482.9278477427363
2021-04-13,1482.9278477427363
2021-04-14,1482.9278477427363
2021-04-15,1482.9278477427363
2021-04-16,1482.9278477427363
2021-04-17,1482.9278477427363
2021-04-18,1482.9278477427363
2021-04-19,1482.9278477427363
2021-04-20,1482.9278477427363
2021-04-21,1482.9278477427363
2021-04-22,1482.9278477427363
2021-04-23,1482.9278477427363
2021-04-24,1482.9278477427363
2021-04-25,1482.9278477427363
2021-04-26,1389.7422700695881
2021-04-27,1389.7422700695881
2021-04-28,1389.7422700695881
2021-04-29,1389.7422700695881
2021-04-30,1389.7422700695881
2021-05-01,1389.7422700695881
2021-05-02,1389.7422700695881
2021-05-03,1389.7422700695881
2021-05-04,1347.958895360993
2021-05-05,1347.958895360993
2021-05-06,1347.958895360993
2021-05-07,1370.1618092502335
2021-05-08,1370.1618092502335
2021-05-09,1370.1618092502335
2021-05-10,1370.1618092502335
2021-05-11,1370.1618092502335
2021-05-12,1370.1618092502335
2021-05-13,1329.9053352107487
2021-05-14,1329.9053352107487
2021-05-15,1329.9053352107487
2021-05-16,1329.9053352107487
2021-05-17,1329.9053352107487
2021-05-18,1317.2347042798126
2021-05-19,1317.2347042798126
2021-05-20,1317.2347042798126
2021-05-21,1317.2347042798126
2021-05-22,1317.2347042798126
2021-05-23,1317.2347042798126
2021-05-24,1317.2347042798126
2021-05-25,1392.976423054347
2021-05-26,1392.976423054347
2021-05-27,1392.976423054347
2021-05-28,1392.976423054347
2021-05-29,1392.976423054347
2021-05-30,1392.976423054347
2021-05-31,1392.976423054347
2021-06-01,1392.976423054347
2021-06-02,1392.976423054347
2021-06-03,1392.976423054347
2021-06-04,1392.976423054347
2021-06-05,1392.976423054347
2021-06-06,1392.976423054347
2021-06-07,1392.976423054347
2021-06-08,1392.976423054347
2021-06-09,1382.6734693092624
2021-06-10,1382.6734693092624
2021-06-11,1382.6734693092624
2021-06-12,1382.6734693092624
2021-06-13,1382.6734693092624
2021-06-14,1382.6734693092624
2021-06-15,1382.6734693092624
2021-06-16,1382.6734693092624
2021-06-17,1382.6734693092624
2021-06-18,1337.9759769800369
2021-06-19,1337.9759769800369
2021-06-20,1337.9759769800369
2021-06-21,1337.9759769800369
2021-06-22,1337.9759769800369
2021-06-23,1337.9759769800369
2021-06-24,1337.9759769800369
2021-06-25,1337.9759769800369
2021-06-26,1337.9759769800369
2021-06-27,1337.9759769800369
2021-06-28,1337.9759769800369
2021-06-29,1337.9759769800369
2021-06-30,1337.9759769800369
2021-07-01,1337.9759769800369
2021-07-02,1337.9759769800369
2021-07-03,1337.9759769800369
2021-07-04,1337.9759769800369
2021-07-05,1337.9759769800369
2021-07-06,1337.9759769800369
2021-07-07,1337.9759769800369
2021-07-08,1337.9759769800369
2021-07-09,1337.9759769800369
2021-07-10,1337.9759769800369
2021-07-11,1337.9759769800369
2021-07-12,1337.9759769800369
2021-07-13,1337.9759769800369
2021-07-14,1337.9759769800369
2021-07-15,1337.9759769800369
2021-07-16,1337.9759769800369
2021-07-17,1337.9759769800369
2021-07-18,1337.9759769800369
2021-07-19,1337.9759769800369
2021-07-20,1337.9759769800369
2021-07-21,1351.394938209609
2021-07-22,1351.394938209609
2021-07-23,1351.394938209609
2021-07-24,1351.394938209609
2021-07-25,1351.394938209609
2021-07-26,1351.394938209609
2021-07-27,1351.394938209609
2021-07-28,1351.394938209609
2021-07-29,1347.4799791273435
2021-07-30,1347.4799791273435
2021-07-31,1347.4799791273435
2021-08-01,1347.4799791273435
2021-08-02,1347.4799791273435
2021-08-03,1347.4799791273435
2021-08-04,1347.4799791273435
2021-08-05,1347.4799791273435
2021-08-06,1347.4799791273435
2021-08-07,1347.4799791273435
2021-08-08,1347.4799791273435
2021-08-09,1347.4799791273435
2021-08-10,1347.4799791273435
2021-08-11,1347.4799791273435
2021-08-12,1347.4799791273435
2021-08-13,1347.4799791273435
2021-08-14,1347.4799791273435
2021-08-15,1347.4799791273435
2021-08-16,1347.4799791273435
2021-08-17,1347.4799791273435
2021-08-18,1347.4799791273435
2021-08-19,1347.4799791273435
2021-08-20,1347.4799791273435
2021-08-21,1347.4799791273435
2021-08-22,1347.4799791273435
2021-08-23,1347.4799791273435
2021-08-24,1347.4799791273435
2021-08-25,1397.832139870247
2021-08-26,1397.832139870247
2021-08-27,1397.832139870247
2021-08-28,1397.832139870247
2021-08-29,1397.832139870247
2021-08-30,1397.832139870247
2021-08-31,1397.832139870247
2021-09-01,1397.832139870247
2021-09-02,1397.832139870247
2021-09-03,1397.832139870247
2021-09-04,1397.832139870247
2021-09-05,1397.832139870247
2021-09-06,1397.832139870247
2021-09-07,1397.832139870247
2021-09-08,1397.832139870247
2021-09-09,1397.832139870247
2021-09-10,1397.832139870247
2021-09-11,1397.832139870247
2021-09-12,1397.832139870247
2021-09-13,1397.832139870247
2021-09-14,1397.832139870247
2021-09-15,1397.832139870247
2021-09-16,1397.832139870247
2021-09-17,1378.3915902609253
2021-09-18,1378.3915902609253
2021-09-19,1378.3915902609253
2021-09-20,1378.3915902609253
2021-09-21,1378.3915902609253
2021-09-22,1406.4531512491671
2021-09-23,1406.4531512491671
2021-09-24,1406.4531512491671
2021-09-25,1406.4531512491671
2021-09-26,1406.4531512491671
2021-09-27,1406.4531512491671
2021-09-28,1406.4531512491671
2021-09-29,1357.8243849861276
2021-09-30,1357.8243849861276
2021-10-01,1361.9517258353699
2021-10-02,1361.9517258353699
2021-10-03,1361.9517258353699
2021-10-04,1361.9517258353699
2021-10-05,1381.9728966157033
2021-10-06,1381.9728966157033
2021-10-07,1381.9728966157033
2021-10-08,1381.9728966157033
2021-10-09,1381.9728966157033
2021-10-10,1381.9728966157033
2021-10-11,1381.9728966157033
2021-10-12,1381.9728966157033
2021-10-13,1381.9728966157033
2021-10-14,1381.9728966157033
2021-10-15,1381.9728966157033
2021-10-16,1381.9728966157033
2021-10-17,1381.9728966157033
2021-10-18,1381.9728966157033
2021-10-19,1381.9728966157033
2021-10-20,1381.9728966157033
2021-10-21,1380.232863589746
2021-10-22,1380.232863589746
2021-10-23,1380.232863589746
2021-10-24,1380.232863589746
2021-10-25,1380.232863589746
2021-10-26,1380.232863589746
2021-10-27,1380.232863589746
2021-10-28,1380.232863589746
2021-10-29,1380.232863589746
2021-10-30,1380.232863589746
2021-10-31,1380.232863589746
2021-11-01,1380.232863589746
2021-11-02,1380.232863589746
2021-11-03,1380.232863589746
2021-11-04,1380.232863589746
2021-11-05,1380.232863589746
2021-11-06,1380.232863589746
2021-11-07,1380.232863589746
2021-11-08,1388.8357953456618
2021-11-09,1388.8357953456618
2021-11-10,1388.8357953456618
2021-11-11,1388.8357953456618
2021-11-12,1444.54290193629
2021-11-13,1444.54290193629
2021-11-14,1444.54290193629
2021-11-15,1444.54290193629
2021-11-16,1444.54290193629
2021-11-17,1444.54290193629
2021-11-18,1444.54290193629
2021-11-19,1444.54290193629
2021-11-20,1444.54290193629
2021-11-21,1444.54290193629
2021-11-22,1444.54290193629
2021-11-23,1444.54290193629
2021-11-24,1444.54290193629
2021-11-25,1444.54290193629
2021-11-26,1444.54290193629
2021-11-27,1444.54290193629
2021-11-28,1444.54290193629
2021-11-29,1444.54290193629
2021-11-30,1444.54290193629
2021-12-01,1444.54290193629
2021-12-02,1476.8029150997777
2021-12-03,1476.8029150997777
2021-12-04,1476.8029150997777
2021-12-05,1476.8029150997777
2021-12-06,1476.8029150997777
2021-12-07,1476.8029150997777
2021-12-08,1476.8029150997777
2021-12-09,1467.129897699915
2021-12-10,1467.129897699915
2021-12-11,1467.129897699915
2021-12-12,1467.129897699915
2021-12-13,1467.129897699915
2021-12-14,1467.129897699915
2021-12-15,1467.129897699915
2021-12-16,1467.129897699915
2021-12-17,1467.129897699915
2021-12-18,1467.129897699915
2021-12-19,1467.129897699915
2021-12-20,1467.129897699915
2021-12-21,1476.4746741183858
2021-12-22,1476.4746741183858
2021-12-23,1476.4746741183858
2021-12-24,1476.4746741183858
2021-12-25,1476.4746741183858
2021-12-26,1476.4746741183858
2021-12-27,1515.9000112945146
2021-12-28,1515.9000112945146
2021-12-29,1515.9000112945146
2021-12-30,1515.2483716433808
2021-12-31,1515.2483716433808
2022-01-01,1515.2483716433808
2022-01-02,1515.2483716433808
2022-01-03,1515.2483716433808
2022-01-04,1515.2483716433808
2022-01-05,1388.4746034979187
2022-01-06,1388.4746034979187
2022-01-07,1388.4746034979187
2022-01-08,1388.4746034979187
2022-01-09,1388.4746034979187
2022-01-10,1398.7708164791463
2022-01-11,1398.7708164791463
2022-01-12,1398.7708164791463
2022-01-13,1345.7044363909943
2022-01-14,1345.7044363909943
2022-01-15,1345.7044363909943
2022-01-16,1345.7044363909943
2022-01-17,1345.7044363909943
2022-01-18,1345.7044363909943
2022-01-19,1302.5795451861864
2022-01-20,1302.5795451861864
2022-01-21,1302.5795451861864
2022-01-22,1302.5795451861864
2022-01-23,1302.5795451861864
2022-01-24,1334.9671268571342
2022-01-25,1334.9671268571342
2022-01-26,1334.9671268571342
2022-01-27,1334.9671268571342
2022-01-28,1334.9671268571342
2022-01-29,1334.9671268571342
2022-01-30,1334.9671268571342
2022-01-31,1387.0648739688606
2022-02-01,1387.0648739688606
2022-02-02,1387.0648739688606
2022-02-03,1387.0648739688606
2022-02-04,1387.0648739688606
2022-02-05,1387.0648739688606
2022-02-06,1387.0648739688606
2022-02-07,1387.0648739688606
2022-02-08,1387.0648739688606
2022-02-09,1613.9588096354519
2022-02-10,1613.9588096354519
2022-02-11,1613.9588096354519
2022-02-12,1613.9588096354519
2022-02-13,1613.9588096354519
2022-02-14,1613.9588096354519
2022-02-15,1613.9588096354519
2022-02-16,1617.9908935777203
2022-02-17,1617.9908935777203
2022-02-18,1639.0131121825389
2022-02-19,1639.0131121825389
2022-02-20,1639.0131121825389
2022-02-21,1639.0131121825389
2022-02-22,1639.0131121825389
2022-02-23,1600.458967843289
2022-02-24,1600.458967843289
2022-02-25,1600.458967843289
2022-02-26,1600.458967843289
2022-02-27,1600.458967843289
2022-02-28,1643.58712529254
2022-03-01,1643.58712529254
2022-03-02,1643.58712529254
2022-03-03,1643.58712529254
2022-03-04,1643.58712529254
2022-03-05,1643.58712529254
2022-03-06,1643.58712529254
2022-03-07,1643.58712529254
2022-03-08,1616.9943537259962
2022-03-09,1616.9943537259962
2022-03-10,1600.5490469118483
2022-03-11,1600.5490469118483
2022-03-12,1600.5490469118483
2022-03-13,1600.5490469118483
2022-03-14,1484.4530316277737
2022-03-15,1484.4530316277737
2022-03-16,1484.4530316277737
2022-03-17,1603.8570354808876
2022-03-18,1603.8570354808876
2022-03-19,1603.8570354808876
2022-03-20,1603.8570354808876
2022-03-21,1603.8570354808876
2022-03-22,1612.0173633624172
2022-03-23,1612.0173633624172
2022-03-24,1636.8308798240714
2022-03-25,1636.8308798240714
2022-03-26,1636.8308798240714
2022-03-27,1636.8308798240714
2022-03-28,1636.8308798240714
2022-03-29,1636.8308798240714
2022-03-30,1636.8308798240714
2022-03-31,1595.6958629489118
2022-04-01,1595.6958629489118
2022-04-02,1595.6958629489118
2022-04-03,1595.6958629489118
2022-04-04,1595.6958629489118
2022-04-05,1624.2369729831812
2022-04-06,1624.2369729831812
2022-04-07,1624.2369729831812
2022-04-08,1615.6606293074763
2022-04-09,1615.6606293074763
2022-04-10,1615.6606293074763
2022-04-11,1615.6606293074763
2022-04-12,1615.6606293074763
2022-04-13,1547.3912064863607
2022-04-14,1547.3912064863607
2022-04-15,1547.3912064863607
2022-04-16,1547.3912064863607
2022-04-17,1547.3912064863607
2022-04-18,1532.5582417948638
2022-04-19,1532.5582417948638
2022-04-20,1532.5582417948638
2022-04-21,1532.5582417948638
2022-04-22,1532.5582417948638
2022-04-23,1532.5582417948638
2022-04-24,1532.5582417948638
2022-04-25,1532.5582417948638
2022-04-26,1452.5616012381815
2022-04-27,1452.5616012381815
2022-04-28,1452.5616012381815
2022-04-29,1452.5616012381815
2022-04-30,1452.5616012381815
2022-05-01,1452.5616012381815
2022-05-02,1452.5616012381815
2022-05-03,1442.3484360342393
2022-05-04,1442.3484360342393
2022-05-05,1442.3484360342393
2022-05-06,1442.3484360342393
2022-05-07,1442.3484360342393
2022-05-08,1442.3484360342393
2022-05-09,1442.3484360342393
2022-05-10,1415.967415294485
2022-05-11,1415.967415294485
2022-05-12,1415.967415294485
2022-05-13,1527.9351498181995
2022-05-14,1527.9351498181995
2022-05-15,1527.9351498181995
2022-05-16,1527.9351498181995
2022-05-17,1569.257285228608
2022-05-18,1569.257285228608
2022-05-19,1569.257285228608
2022-05-20,1533.2631009416575
2022-05-21,1533.2631009416575
2022-05-22,1533.2631009416575
2022-05-23,1533.2631009416575
2022-05-24,1533.2631009416575
2022-05-25,1533.2631009416575
2022-05-26,1533.2631009416575
2022-05-27,1660.7615917567387
2022-05-28,1660.7615917567387
2022-05-29,1660.7615917567387
2022-05-30,1660.7615917567387
2022-05-31,1660.7615917567387
2022-06-01,1660.7615917567387
2022-06-02,1677.316062325984
2022-06-03,1677.316062325984
2022-06-04,1677.316062325984
2022-06-05,1677.316062325984
2022-06-06,1677.316062325984
2022-06-07,1677.316062325984
2022-06-08,1677.316062325984
2022-06-09,1677.316062325984
2022-06-10,1677.316062325984
2022-06-11,1677.316062325984
2022-06-12,1677.316062325984
2022-06-13,1454.2934280000914
2022-06-14,1454.2934280000914
2022-06-15,1454.2934280000914
2022-06-16,1455.2195329213396
2022-06-17,1455.2195329213396
2022-06-18,1455.2195329213396
2022-06-19,1455.2195329213396
2022-06-20,1455.2195329213396
2022-06-21,1485.0236729544572
2022-06-22,1485.0236729544572
2022-06-23,1485.0236729544572
2022-06-24,1485.0236729544572
2022-06-25,1485.0236729544572
2022-06-26,1485.0236729544572
2022-06-27,1485.0236729544572
2022-06-28,1485.0236729544572
2022-06-29,1485.0236729544572
2022-06-30,1446.0834504698323
2022-07-01,1446.0834504698323
2022-07-02,1446.0834504698323
2022-07-03,1446.0834504698323
2022-07-04,1446.0834504698323
2022-07-05,1446.0834504698323
2022-07-06,1469.3384846257304
2022-07-07,1469.3384846257304
2022-07-08,1469.3384846257304
2022-07-09,1469.3384846257304
2022-07-10,1469.3384846257304
2022-07-11,1446.1697124411353
2022-07-12,1446.1697124411353
2022-07-13,1446.1697124411353
2022-07-14,1433.4418604591658
2022-07-15,1433.4418604591658
2022-07-16,1433.4418604591658
2022-07-17,1433.4418604591658
2022-07-18,1433.4418604591658
2022-07-19,1433.4418604591658
2022-07-20,1433.4418604591658
2022-07-21,1462.7701704003603
2022-07-22,1462.7701704003603
2022-07-23,1462.7701704003603
2022-07-24,1462.7701704003603
2022-07-25,1462.7701704003603
2022-07-26,1454.48775623946
2022-07-27,1454.48775623946
2022-07-28,1454.48775623946
2022-07-29,1454.48775623946
2022-07-30,1454.48775623946
2022-07-31,1454.48775623946
2022-08-01,1454.48775623946
2022-08-02,1454.48775623946
2022-08-03,1454.48775623946
2022-08-04,1463.8612040028959
2022-08-05,1463.8612040028959
2022-08-06,1463.8612040028959
2022-08-07,1463.8612040028959
2022-08-08,1463.8612040028959
2022-08-09,1463.8612040028959
2022-08-10,1463.8612040028959
2022-08-11,1463.8612040028959
2022-08-12,1463.8612040028959
2022-08-13,1463.8612040028959
2022-08-14,1463.8612040028959
2022-08-15,1463.8612040028959
2022-08-16,1463.8612040028959
2022-08-17,1463.8612040028959
2022-08-18,1463.8612040028959
2022-08-19,1530.1575581657228
2022-08-20,1530.1575581657228
2022-08-21,1530.1575581657228
2022-08-22,1530.1575581657228
2022-08-23,1530.1575581657228
2022-08-24,1530.1575581657228
2022-08-25,1530.1575581657228
2022-08-26,1499.6485145002819
2022-08-27,1499.6485145002819
2022-08-28,1499.6485145002819
2022-08-29,1499.6485145002819
2022-08-30,1499.6485145002819
2022-08-31,1474.8245937627157
2022-09-01,1474.8245937627157
2022-09-02,1474.8245937627157
2022-09-03,1474.8245937627157
2022-09-04,1474.8245937627157
2022-09-05,1474.8245937627157
2022-09-06,1409.8134340880367
2022-09-07,1409.8134340880367
2022-09-08,1409.8134340880367
2022-09-09,1409.8134340880367
2022-09-10,1409.8134340880367
2022-09-11,1409.8134340880367
2022-09-12,1456.572328255938
2022-09-13,1456.572328255938
2022-09-14,1456.572328255938
2022-09-15,1449.5759403362351
2022-09-16,1449.5759403362351
2022-09-17,1449.5759403362351
2022-09-18,1449.5759403362351
2022-09-19,1449.5759403362351
2022-09-20,1448.592843733769
2022-09-21,1448.592843733769
2022-09-22,1448.592843733769
2022-09-23,1376.0140670744931
2022-09-24,1376.0140670744931
2022-09-25,1376.0140670744931
2022-09-26,1376.0140670744931
2022-09-27,1376.0140670744931
2022-09-28,1376.0140670744931
2022-09-29,1376.0140670744931
2022-09-30,1306.522906678371
2022-10-01,1306.522906678371
2022-10-02,1306.522906678371
2022-10-03,1306.522906678371
2022-10-04,1306.522906678371
2022-10-05,1306.522906678371
2022-10-06,1407.9008828722463
2022-10-07,1407.9008828722463
2022-10-08,1407.9008828722463
2022-10-09,1407.9008828722463
2022-10-10,1407.9008828722463
2022-10-11,1407.9008828722463
2022-10-12,1351.3643907958005
2022-10-13,1351.3643907958005
2022-10-14,1351.3643907958005
2022-10-15,1351.3643907958005
2022-10-16,1351.3643907958005
2022-10-17,1251.3808833147255
2022-10-18,1251.3808833147255
2022-10-19,1251.3808833147255
2022-10-20,1251.3808833147255
2022-10-21,1251.3808833147255
2022-10-22,1251.3808833147255
2022-10-23,1251.3808833147255
2022-10-24,1251.3808833147255
2022-10-25,1251.3808833147255
2022-10-26,1279.5587910678153
2022-10-27,1279.5587910678153
2022-10-28,1279.5587910678153
2022-10-29,1279.5587910678153
2022-10-30,1279.5587910678153
2022-10-31,1279.5587910678153
2022-11-01,1279.5587910678153
2022-11-02,1279.5587910678153
2022-11-03,1279.5587910678153
2022-11-04,1273.820859269305
2022-11-05,1273.820859269305
2022-11-06,1273.820859269305
2022-11-07,1273.820859269305
2022-11-08,1273.820859269305
2022-11-09,1277.7549049787388
2022-11-10,1277.7549049787388
2022-11-11,1277.7549049787388
2022-11-12,1277.7549049787388
2022-11-13,1277.7549049787388
2022-11-14,1265.3560244426217
2022-11-15,1265.3560244426217
2022-11-16,1259.368535367972
2022-11-17,1259.368535367972
2022-11-18,1259.368535367972
2022-11-19,1259.368535367972
2022-11-20,1259.368535367972
2022-11-21,1259.368535367972
2022-11-22,1259.368535367972
2022-11-23,1327.8464822262363
2022-11-24,1327.8464822262363
2022-11-25,1327.8464822262363
2022-11-26,1327.8464822262363
2022-11-27,1327.8464822262363
2022-11-28,1327.8464822262363
2022-11-29,1327.8464822262363
2022-11-30,1327.8464822262363
2022-12-01,1327.8464822262363
2022-12-02,1489.0247425952643
2022-12-03,1489.0247425952643
2022-12-04,1489.0247425952643
2022-12-05,1489.0247425952643
2022-12-06,1489.0247425952643
2022-12-07,1489.0247425952643
2022-12-08,1489.0247425952643
2022-12-09,1489.0247425952643
2022-12-10,1489.0247425952643
2022-12-11,1489.0247425952643
2022-12-12,1489.0247425952643
2022-12-13,1556.8607104073706
2022-12-14,1556.8607104073706
2022-12-15,1556.8607104073706
2022-12-16,1526.6918202541412
2022-12-17,1526.6918202541412
2022-12-18,1526.6918202541412
2022-12-19,1526.6918202541412
2022-12-20,1526.6918202541412
2022-12-21,1532.44874372428
2022-12-22,1532.44874372428
2022-12-23,1519.4618899639047
2022-12-24,1519.4618899639047
2022-12-25,1519.4618899639047
2022-12-26,1519.4618899639047
2022-12-27,1519.4618899639047
2022-12-28,1510.8530407289816
2022-12-29,1510.8530407289816
2022-12-30,1510.8530407289816
2022-12-31,1510.8530407289816
2023-01-01,1510.8530407289816
2023-01-02,1510.8530407289816
2023-01-03,1510.8530407289816
2023-01-04,1510.8530407289816
2023-01-05,1510.8530407289816
2023-01-06,1510.8530407289816
2023-01-07,1510.8530407289816
2023-01-08,1510.8530407289816
2023-01-09,1629.8693800516078
2023-01-10,1629.8693800516078
2023-01-11,1629.8693800516078
2023-01-12,1629.8693800516078
2023-01-13,1669.3233548748865
2023-01-14,1669.3233548748865
2023-01-15,1669.3233548748865
2023-01-16,1669.3233548748865
2023-01-17,1669.3233548748865
2023-01-18,1642.8237823356171
2023-01-19,1642.8237823356171
2023-01-20,1700.0836276511106
2023-01-21,1700.0836276511106
2023-01-22,1700.0836276511106
2023-01-23,1700.0836276511106
2023-01-24,1700.0836276511106
2023-01-25,1700.0836276511106
2023-01-26,1700.0836276511106
2023-01-27,1700.0836276511106
2023-01-28,1700.0836276511106
2023-01-29,1700.0836276511106
2023-01-30,1700.0836276511106
2023-01-31,1700.0836276511106
2023-02-01,1744.263501652686
2023-02-02,1744.263501652686
2023-02-03,1744.263501652686
2023-02-04,1744.263501652686
2023-02-05,1744.263501652686
2023-02-06,1754.7878338798703
2023-02-07,1754.7878338798703
2023-02-08,1754.7878338798703
2023-02-09,1754.7878338798703
2023-02-10,1754.7878338798703
2023-02-11,1754.7878338798703
2023-02-12,1754.7878338798703
2023-02-13,1754.7878338798703
2023-02-14,1754.7878338798703
2023-02-15,1754.7878338798703
2023-02-16,1724.636840170594
2023-02-17,1724.636840170594
2023-02-18,1724.636840170594
2023-02-19,1724.636840170594
2023-02-20,1724.636840170594
2023-02-21,1724.636840170594
2023-02-22,1724.636840170594
2023-02-23,1726.2286595788853
2023-02-24,1726.2286595788853
2023-02-25,1726.2286595788853
2023-02-26,1726.2286595788853
2023-02-27,1726.2286595788853
2023-02-28,1726.2286595788853
2023-03-01,1726.2286595788853
2023-03-02,1700.9352556898684
2023-03-03,1700.9352556898684
2023-03-04,1700.9352556898684
2023-03-05,1700.9352556898684
2023-03-06,1700.9352556898684
2023-03-07,1700.9352556898684
2023-03-08,1700.9352556898684
2023-03-09,1679.9403041323853
2023-03-10,1679.9403041323853
2023-03-11,1679.9403041323853
2023-03-12,1679.9403041323853
2023-03-13,1670.221641215917
2023-03-14,1670.221641215917
2023-03-15,1670.221641215917
2023-03-16,1670.221641215917
2023-03-17,1670.221641215917
2023-03-18,1670.221641215917
2023-03-19,1670.221641215917
2023-03-20,1686.8327643720588
2023-03-21,1686.8327643720588
2023-03-22,1686.8327643720588
2023-03-23,1651.030169352373
2023-03-24,1651.030169352373
2023-03-25,1651.030169352373
2023-03-26,1651.030169352373
2023-03-27,1651.030169352373
2023-03-28,1651.030169352373
2023-03-29,1651.030169352373
2023-03-30,1651.030169352373
2023-03-31,1651.030169352373
2023-04-01,1651.030169352373
2023-04-02,1651.030169352373
2023-04-03,1722.6002674561328
2023-04-04,1722.6002674561328
2023-04-05,1722.6002674561328
2023-04-06,1740.0450218123033
2023-04-07,1740.0450218123033
2023-04-08,1740.0450218123033
2023-04-09,1740.0450218123033
2023-04-10,1740.0450218123033
2023-04-11,1740.0450218123033
2023-04-12,1740.0450218123033
2023-04-13,1740.0450218123033
2023-04-14,1740.0450218123033
2023-04-15,1740.0450218123033
2023-04-16,1740.0450218123033
2023-04-17,1740.0450218123033
2023-04-18,1754.0797624951383
2023-04-19,1754.0797624951383
2023-04-20,1754.0797624951383
2023-04-21,1754.0797624951383
2023-04-22,1754.0797624951383
2023-04-23,1754.0797624951383
2023-04-24,1754.0797624951383
2023-04-25,1754.0797624951383
2023-04-26,1754.0797624951383
2023-04-27,1776.1743382700647
2023-04-28,1776.1743382700647
2023-04-29,1776.1743382700647
2023-04-30,1776.1743382700647
2023-05-01,1776.1743382700647
2023-05-02,1776.1743382700647
2023-05-03,1776.1743382700647
2023-05-04,1776.1743382700647
2023-05-05,1776.1743382700647
2023-05-06,1776.1743382700647
2023-05-07,1776.1743382700647
2023-05-08,1776.1743382700647
2023-05-09,1776.1743382700647
2023-05-10,1797.891179012159
2023-05-11,1797.891179012159
2023-05-12,1797.891179012159
2023-05-13,1797.891179012159
2023-05-14,1797.891179012159
2023-05-15,1797.891179012159
2023-05-16,1797.891179012159
2023-05-17,1797.891179012159
2023-05-18,1797.891179012159
2023-05-19,1797.891179012159
2023-05-20,1797.891179012159
2023-05-21,1797.891179012159
2023-05-22,1797.891179012159
2023-05-23,1797.891179012159
2023-05-24,1744.2766463620474
2023-05-25,1744.2766463620474
2023-05-26,1744.2766463620474
2023-05-27,1744.2766463620474
2023-05-28,1744.2766463620474
2023-05-29,1744.2766463620474
2023-05-30,1744.2766463620474
2023-05-31,1744.2766463620474
2023-06-01,1744.2766463620474
2023-06-02,1744.2766463620474
2023-06-03,1744.2766463620474
2023-06-04,1744.2766463620474
2023-06-05,1744.2766463620474
2023-06-06,1744.2766463620474
2023-06-07,1744.2766463620474
2023-06-08,1732.4203077022491
2023-06-09,1732.4203077022491
2023-06-10,1732.4203077022491
2023-06-11,1732.4203077022491
2023-06-12,1732.4203077022491
2023-06-13,1732.4203077022491
2023-06-14,1732.4203077022491
2023-06-15,1732.4203077022491
2023-06-16,1732.4203077022491
2023-06-17,1732.4203077022491
2023-06-18,1732.4203077022491
2023-06-19,1732.4203077022491
2023-06-20,1731.7731232559947
2023-06-21,1731.7731232559947
2023-06-22,1731.7731232559947
2023-06-23,1731.7731232559947
2023-06-24,1731.7731232559947
2023-06-25,1731.7731232559947
2023-06-26,1731.7731232559947
2023-06-27,1731.7731232559947
2023-06-28,1731.7731232559947
2023-06-29,1789.2222869467573
2023-06-30,1789.2222869467573
2023-07-01,1789.2222869467573
2023-07-02,1789.2222869467573
2023-07-03,1789.2222869467573
2023-07-04,1789.2222869467573
2023-07-05,1789.2222869467573
2023-07-06,1789.2222869467573
2023-07-07,1789.2222869467573
2023-07-08,1789.2222869467573
2023-07-09,1789.2222869467573
2023-07-10,1756.6130106735181
2023-07-11,1756.6130106735181
2023-07-12,1756.6130106735181
2023-07-13,1756.6130106735181
2023-07-14,1756.6130106735181
2023-07-15,1756.6130106735181
2023-07-16,1756.6130106735181
2023-07-17,1756.6130106735181
2023-07-18,1756.6130106735181
2023-07-19,1756.6130106735181
2023-07-20,1756.6130106735181
2023-07-21,1803.6986743373536
2023-07-22,1803.6986743373536
2023-07-23,1803.6986743373536
2023-07-24,1803.6986743373536
2023-07-25,1846.9615656518788
2023-07-26,1846.9615656518788
2023-07-27,1846.9615656518788
2023-07-28,2013.4275057385992
2023-07-29,2013.4275057385992
2023-07-30,2013.4275057385992
2023-07-31,2013.4275057385992
2023-08-01,2013.4275057385992
2023-08-02,2013.4275057385992
2023-08-03,2013.4275057385992
2023-08-04,2013.4275057385992
2023-08-05,2013.4275057385992
2023-08-06,2013.4275057385992
2023-08-07,2013.4275057385992
2023-08-08,2004.5130938811305
2023-08-09,2004.5130938811305
2023-08-10,2004.5130938811305
2023-08-11,1924.8978852169917
2023-08-12,1924.8978852169917
2023-08-13,1924.8978852169917
2023-08-14,1924.8978852169917
2023-08-15,1924.8978852169917
2023-08-16,1877.3445010956025
2023-08-17,1877.3445010956025
2023-08-18,1865.227927795887
2023-08-19,1865.227927795887
2023-08-20,1865.227927795887
2023-08-21,1865.227927795887
2023-08-22,1865.227927795887
2023-08-23,1865.227927795887
2023-08-24,1865.227927795887
2023-08-25,1833.9519907969327
2023-08-26,1833.9519907969327
2023-08-27,1833.9519907969327
2023-08-28,1833.9519907969327
2023-08-29,1833.9519907969327
2023-08-30,1833.9519907969327
2023-08-31,1833.9519907969327
2023-09-01,1833.9519907969327
2023-09-02,1833.9519907969327
2023-09-03,1833.9519907969327
2023-09-04,1833.9519907969327
2023-09-05,1833.9519907969327
2023-09-06,1833.9519907969327
2023-09-07,1808.2494484691933
2023-09-08,1808.2494484691933
2023-09-09,1808.2494484691933
2023-09-10,1808.2494484691933
2023-09-11,1808.2494484691933
2023-09-12,1780.4729592453962
2023-09-13,1780.4729592453962
2023-09-14,1780.4729592453962
2023-09-15,1780.4729592453962
2023-09-16,1780.4729592453962
2023-09-17,1780.4729592453962
2023-09-18,1780.4729592453962
2023-09-19,1780.4729592453962
2023-09-20,1780.4729592453962
2023-09-21,1780.4729592453962
2023-09-22,1707.0111488878524
2023-09-23,1707.0111488878524
2023-09-24,1707.0111488878524
2023-09-25,1707.0111488878524
2023-09-26,1707.0111488878524
2023-09-27,1677.146312949667
2023-09-28,1677.146312949667
2023-09-29,1677.146312949667
2023-09-30,1677.146312949667
2023-10-01,1677.146312949667
2023-10-02,1624.8115586268545
2023-10-03,1624.8115586268545
2023-10-04,1624.8115586268545
2023-10-05,1624.8115586268545
2023-10-06,1624.8115586268545
2023-10-07,1624.8115586268545
2023-10-08,1624.8115586268545
2023-10-09,1624.8115586268545
2023-10-10,1624.8115586268545
2023-10-11,1624.8115586268545
2023-10-12,1624.8115586268545
2023-10-13,1624.8115586268545
2023-10-14,1624.8115586268545
2023-10-15,1624.8115586268545
2023-10-16,1616.7733633739222
2023-10-17,1616.7733633739222
2023-10-18,1616.7733633739222
2023-10-19,1616.7733633739222
2023-10-20,1616.7733633739222
2023-10-21,1616.7733633739222
2023-10-22,1616.7733633739222
2023-10-23,1517.6865876374727
2023-10-24,1517.6865876374727
2023-10-25,1517.6865876374727
2023-10-26,1394.5569666452498
2023-10-27,1394.5569666452498
2023-10-28,1394.5569666452498
2023-10-29,1394.5569666452498
2023-10-30,1394.5569666452498
2023-10-31,1452.6048726736217
2023-11-01,1452.6048726736217
2023-11-02,1452.6048726736217
2023-11-03,1452.6048726736217
2023-11-04,1452.6048726736217
2023-11-05,1452.6048726736217
2023-11-06,1452.6048726736217
2023-11-07,1495.118131613461
2023-11-08,1495.118131613461
2023-11-09,1495.6162552621745
2023-11-10,1495.6162552621745
2023-11-11,1495.6162552621745
2023-11-12,1495.6162552621745
2023-11-13,1495.6162552621745
2023-11-14,1495.6162552621745
2023-11-15,1495.6162552621745
2023-11-16,1505.4885096400692
2023-11-17,1505.4885096400692
2023-11-18,1505.4885096400692
2023-11-19,1505.4885096400692
2023-11-20,1505.4885096400692
2023-11-21,1505.4885096400692
2023-11-22,1505.4885096400692
2023-11-23,1505.4885096400692
2023-11-24,1539.931226154713
2023-11-25,1539.931226154713
2023-11-26,1539.931226154713
2023-11-27,1539.931226154713
2023-11-28,1539.931226154713
2023-11-29,1539.931226154713
2023-11-30,1539.931226154713
2023-12-01,1539.931226154713
2023-12-02,1539.931226154713
2023-12-03,1539.931226154713
2023-12-04,1539.931226154713
2023-12-05,1539.931226154713
2023-12-06,1505.9327445383103
2023-12-07,1505.9327445383103
2023-12-08,1505.9327445383103
2023-12-09,1505.9327445383103
2023-12-10,1505.9327445383103
2023-12-11,1505.9327445383103
2023-12-12,1505.9327445383103
2023-12-13,1505.9327445383103
2023-12-14,1538.4868600600394
2023-12-15,1538.4868600600394
2023-12-16,1538.4868600600394
2023-12-17,1538.4868600600394
2023-12-18,1538.4868600600394
2023-12-19,1538.4868600600394
2023-12-20,1538.4868600600394
2023-12-21,1538.4868600600394
2023-12-22,1538.4868600600394
2023-12-23,1538.4868600600394
2023-12-24,1538.4868600600394
2023-12-25,1538.4868600600394
2023-12-26,1538.4868600600394
2023-12-27,1538.4868600600394
2023-12-28,1538.4868600600394
2023-12-29,1538.4868600600394
2023-12-30,1538.4868600600394
2023-12-31,1538.4868600600394
2024-01-01,1538.4868600600394
2024-01-02,1538.4868600600394
2024-01-03,1538.4868600600394
2024-01-04,1507.5745782887404
2024-01-05,1507.5745782887404
2024-01-06,1507.5745782887404
2024-01-07,1507.5745782887404
2024-01-08,1532.9342033166358
2024-01-09,1532.9342033166358
2024-01-10,1532.9342033166358
2024-01-11,1532.9342033166358
2024-01-12,1532.9342033166358
2024-01-13,1532.9342033166358
2024-01-14,1532.9342033166358
2024-01-15,1532.9342033166358
2024-01-16,1532.9342033166358
2024-01-17,1532.9342033166358
2024-01-18,1534.3580212881366
2024-01-19,1534.3580212881366
2024-01-20,1534.3580212881366
2024-01-21,1534.3580212881366
2024-01-22,1534.3580212881366
2024-01-23,1534.3580212881366
2024-01-24,1535.5551018586755
2024-01-25,1535.5551018586755
2024-01-26,1535.5551018586755
2024-01-27,1535.5551018586755
2024-01-28,1535.5551018586755
2024-01-29,1535.5551018586755
2024-01-30,1535.5551018586755
2024-01-31,1535.5551018586755
2024-02-01,1535.5551018586755
2024-02-02,1535.5551018586755
2024-02-03,1535.5551018586755
2024-02-04,1535.5551018586755
2024-02-05,1535.5551018586755
2024-02-06,1564.6026858688354
2024-02-07,1564.6026858688354
2024-02-08,1564.6026858688354
2024-02-09,1564.6026858688354
2024-02-10,1564.6026858688354
2024-02-11,1564.6026858688354
2024-02-12,1564.6026858688354
2024-02-13,1564.6026858688354
2024-02-14,1564.6026858688354
2024-02-15,1564.6026858688354
2024-02-16,1564.6026858688354
2024-02-17,1564.6026858688354
2024-02-18,1564.6026858688354
2024-02-19,1564.6026858688354
2024-02-20,1647.4155875119309
2024-02-21,1647.4155875119309
2024-02-22,1647.4155875119309
2024-02-23,1924.5486380271288
2024-02-24,1924.5486380271288
2024-02-25,1924.5486380271288
2024-02-26,1924.5486380271288
2024-02-27,1924.5486380271288
2024-02-28,1924.5486380271288
2024-02-29,1924.5486380271288
2024-03-01,1924.5486380271288
2024-03-02,1924.5486380271288
2024-03-03,1924.5486380271288
2024-03-04,1924.5486380271288
2024-03-05,1924.5486380271288
2024-03-06,1924.5486380271288
2024-03-07,1924.5486380271288
2024-03-08,1924.5486380271288
2024-03-09,1924.5486380271288
2024-03-10,1924.5486380271288
2024-03-11,1979.582166733653
2024-03-12,1979.582166733653
2024-03-13,1979.582166733653
2024-03-14,1979.582166733653
2024-03-15,1979.582166733653
2024-03-16,1979.582166733653
2024-03-17,1979.582166733653
2024-03-18,1991.2876787498171
2024-03-19,1991.2876787498171
2024-03-20,1991.2876787498171
2024-03-21,2267.1535365568056
2024-03-22,2267.1535365568056
2024-03-23,2267.1535365568056
2024-03-24,2267.1535365568056
2024-03-25,2267.1535365568056
2024-03-26,2267.1535365568056
2024-03-27,2267.1535365568056
2024-03-28,2267.1535365568056
2024-03-29,2267.1535365568056
2024-03-30,2267.1535365568056
2024-03-31,2267.1535365568056
2024-04-01,2114.5299814642417
2024-04-02,2114.5299814642417
2024-04-03,2114.5299814642417
2024-04-04,2171.381054602091
2024-04-05,2171.381054602091
2024-04-06,2171.381054602091
2024-04-07,2171.381054602091
2024-04-08,2171.381054602091
2024-04-09,2171.381054602091
2024-04-10,2171.381054602091
2024-04-11,2171.381054602091
2024-04-12,2171.381054602091
2024-04-13,2171.381054602091
2024-04-14,2171.381054602091
2024-04-15,2171.381054602091
2024-04-16,2010.4225964794275
2024-04-17,2010.4225964794275
2024-04-18,2010.4225964794275
2024-04-19,1845.2060571315094
2024-04-20,1845.2060571315094
2024-04-21,1845.2060571315094
2024-04-22,1845.2060571315094
2024-04-23,1845.2060571315094
2024-04-24,1855.3710078666495
2024-04-25,1855.3710078666495
2024-04-26,1970.1107615904614
2024-04-27,1970.1107615904614
2024-04-28,1970.1107615904614
2024-04-29,1970.1107615904614
2024-04-30,1970.1107615904614
2024-05-01,1970.1107615904614
2024-05-02,1970.1107615904614
2024-05-03,1970.1107615904614
2024-05-04,1970.1107615904614
2024-05-05,1970.1107615904614
2024-05-06,2124.342289783543
2024-05-07,2124.342289783543
2024-05-08,2124.342289783543
2024-05-09,2124.342289783543
2024-05-10,2124.342289783543
2024-05-11,2124.342289783543
2024-05-12,2124.342289783543
2024-05-13,2124.342289783543
2024-05-14,2124.342289783543
2024-05-15,2124.342289783543
2024-05-16,2124.342289783543
2024-05-17,2124.342289783543
2024-05-18,2124.342289783543
2024-05-19,2124.342289783543
2024-05-20,2124.342289783543
2024-05-21,2124.342289783543
2024-05-22,2124.342289783543
2024-05-23,2124.342289783543
2024-05-24,2083.7567410753054
2024-05-25,2083.7567410753054
2024-05-26,2083.7567410753054
2024-05-27,2083.7567410753054
2024-05-28,2083.7567410753054
2024-05-29,2083.7567410753054
2024-05-30,2083.7567410753054
2024-05-31,2083.7567410753054
2024-06-01,2083.7567410753054
2024-06-02,2083.7567410753054
2024-06-03,2114.7763204024222
2024-06-04,2114.7763204024222
2024-06-05,2114.7763204024222
2024-06-06,2116.9574168416725
2024-06-07,2116.9574168416725
2024-06-08,2116.9574168416725
2024-06-09,2116.9574168416725
2024-06-10,2116.9574168416725
2024-06-11,2116.9574168416725
2024-06-12,2116.9574168416725
2024-06-13,2116.9574168416725
2024-06-14,2116.9574168416725
2024-06-15,2116.9574168416725
2024-06-16,2116.9574168416725
2024-06-17,2116.9574168416725
2024-06-18,2116.9574168416725
2024-06-19,2116.9574168416725
2024-06-20,2116.9574168416725
2024-06-21,2116.9574168416725
2024-06-22,2116.9574168416725
2024-06-23,2116.9574168416725
2024-06-24,2116.9574168416725
2024-06-25,2157.76024209667
2024-06-26,2157.76024209667
2024-06-27,2157.76024209667
2024-06-28,2108.9375024416345
2024-06-29,2108.9375024416345
2024-06-30,2108.9375024416345
2024-07-01,2108.9375024416345
2024-07-02,2108.9375024416345
2024-07-03,2108.9375024416345
2024-07-04,2108.9375024416345
2024-07-05,2108.9375024416345
2024-07-06,2108.9375024416345
2024-07-07,2108.9375024416345
2024-07-08,2108.9375024416345
2024-07-09,2108.9375024416345
2024-07-10,2108.9375024416345
2024-07-11,2108.9375024416345
2024-07-12,2105.1567415601976
2024-07-13,2105.1567415601976
2024-07-14,2105.1567415601976
2024-07-15,2105.1567415601976
2024-07-16,2105.1567415601976
2024-07-17,2105.1567415601976
2024-07-18,1863.7624666473196
2024-07-19,1863.7624666473196
2024-07-20,1863.7624666473196
2024-07-21,1863.7624666473196
2024-07-22,1863.7624666473196
2024-07-23,1863.7624666473196
2024-07-24,1863.7624666473196
2024-07-25,1988.653765958738
2024-07-26,1988.653765958738
2024-07-27,1988.653765958738
2024-07-28,1988.653765958738
2024-07-29,1988.653765958738
2024-07-30,1988.653765958738
2024-07-31,2052.4372891329267
2024-08-01,2052.4372891329267
2024-08-02,2052.4372891329267
2024-08-03,2052.4372891329267
2024-08-04,2052.4372891329267
2024-08-05,2052.4372891329267
2024-08-06,1979.4590245937752
2024-08-07,1979.4590245937752
2024-08-08,1979.4590245937752
2024-08-09,1979.4590245937752
2024-08-10,1979.4590245937752
2024-08-11,1979.4590245937752
2024-08-12,2141.1335110571513
2024-08-13,2141.1335110571513
2024-08-14,2164.8163381968625
2024-08-15,2164.8163381968625
2024-08-16,2164.8163381968625
2024-08-17,2164.8163381968625
2024-08-18,2164.8163381968625
2024-08-19,2152.4790934359526
2024-08-20,2152.4790934359526
2024-08-21,2152.4790934359526
2024-08-22,2125.7621783211234
2024-08-23,2125.7621783211234
2024-08-24,2125.7621783211234
2024-08-25,2125.7621783211234
2024-08-26,2125.7621783211234
2024-08-27,2132.990251598967
2024-08-28,2132.990251598967
2024-08-29,2132.990251598967
2024-08-30,2181.3139977728874
2024-08-31,2181.3139977728874
2024-09-01,2181.3139977728874
2024-09-02,2181.3139977728874
2024-09-03,2181.3139977728874
2024-09-04,2198.798000238667
2024-09-05,2198.798000238667
2024-09-06,2124.7586000740134
2024-09-07,2124.7586000740134
2024-09-08,2124.7586000740134
2024-09-09,2124.7586000740134
2024-09-10,2124.7586000740134
2024-09-11,2124.7586000740134
2024-09-12,2124.7586000740134
2024-09-13,2124.7586000740134
2024-09-14,2124.7586000740134
2024-09-15,2124.7586000740134
2024-09-16,2124.7586000740134
2024-09-17,2124.7586000740134
2024-09-18,2136.1125081437162
2024-09-19,2136.1125081437162
2024-09-20,2136.1125081437162
2024-09-21,2136.1125081437162
2024-09-22,2136.1125081437162
2024-09-23,2136.1125081437162
2024-09-24,2136.1125081437162
2024-09-25,2136.1125081437162
2024-09-26,2136.1125081437162
2024-09-27,2136.1125081437162
2024-09-28,2136.1125081437162
2024-09-29,2136.1125081437162
2024-09-30,2136.1125081437162
2024-10-01,2136.1125081437162
2024-10-02,2136.1125081437162
2024-10-03,2136.1125081437162
2024-10-04,2177.445273842668
2024-10-05,2177.445273842668
2024-10-06,2177.445273842668
2024-10-07,2177.445273842668
2024-10-08,2177.445273842668
2024-10-09,2177.445273842668
2024-10-10,2177.445273842668
2024-10-11,2177.445273842668
2024-10-12,2177.445273842668
2024-10-13,2177.445273842668
2024-10-14,2177.445273842668
2024-10-15,2177.445273842668
2024-10-16,2177.445273842668
2024-10-17,2177.445273842668
2024-10-18,2177.445273842668
2024-10-19,2177.445273842668
2024-10-20,2177.445273842668
2024-10-21,2177.445273842668
2024-10-22,2177.445273842668
2024-10-23,2177.445273842668
2024-10-24,2177.445273842668
2024-10-25,2214.3740411047015
2024-10-26,2214.3740411047015
2024-10-27,2214.3740411047015
2024-10-28,2214.3740411047015
2024-10-29,2214.3740411047015
2024-10-30,2214.3740411047015
2024-10-31,2214.3740411047015
2024-11-01,2214.3740411047015
2024-11-02,2214.3740411047015
2024-11-03,2214.3740411047015
2024-11-04,2225.872328853516
2024-11-05,2225.872328853516
2024-11-06,2225.872328853516
2024-11-07,2225.872328853516
2024-11-08,2225.872328853516
2024-11-09,2225.872328853516
2024-11-10,2225.872328853516
2024-11-11,2267.634411224962
2024-11-12,2267.634411224962
2024-11-13,2267.634411224962
2024-11-14,2267.634411224962
2024-11-15,2267.634411224962
2024-11-16,2267.634411224962
2024-11-17,2267.634411224962
2024-11-18,2267.634411224962
2024-11-19,2267.634411224962
2024-11-20,2383.992906194271
2024-11-21,2383.992906194271
2024-11-22,2383.992906194271
2024-11-23,2383.992906194271
2024-11-24,2383.992906194271
2024-11-25,2383.992906194271
2024-11-26,2383.992906194271
2024-11-27,2383.992906194271
2024-11-28,2383.992906194271
2024-11-29,2383.992906194271
2024-11-30,2383.992906194271
2024-12-01,2383.992906194271
2024-12-02,2383.992906194271
2024-12-03,2383.992906194271
2024-12-04,2383.992906194271
2024-12-05,2383.992906194271
2024-12-06,2383.992906194271
2024-12-07,2383.992906194271
2024-12-08,2383.992906194271
2024-12-09,2383.992906194271
2024-12-10,2383.992906194271
2024-12-11,2414.16112216967
2024-12-12,2414.16112216967
2024-12-13,2414.16112216967
2024-12-14,2414.16112216967
2024-12-15,2414.16112216967
2024-12-16,2414.16112216967
2024-12-17,2414.16112216967
2024-12-18,2414.16112216967
2024-12-19,2414.16112216967
2024-12-20,2504.8010566207968
2024-12-21,2504.8010566207968
2024-12-22,2504.8010566207968
2024-12-23,2504.8010566207968
2024-12-24,2504.8010566207968
2024-12-25,2504.8010566207968
2024-12-26,2496.1814437692005
2024-12-27,2496.1814437692005
2024-12-28,2496.1814437692005
2024-12-29,2496.1814437692005
2024-12-30,2496.1814437692005
2024-12-31,2496.1814437692005
2025-01-01,2496.1814437692005
2025-01-02,2496.1814437692005
2025-01-03,2457.1786087103064
2025-01-04,2457.1786087103064
2025-01-05,2457.1786087103064
2025-01-06,2457.1786087103064
2025-01-07,2457.1786087103064
2025-01-08,2457.1786087103064
2025-01-09,2457.1786087103064
2025-01-10,2457.1786087103064
2025-01-11,2457.1786087103064
2025-01-12,2457.1786087103064
2025-01-13,2457.1786087103064
2025-01-14,2334.9298515809533
2025-01-15,2334.9298515809533
2025-01-16,2334.9298515809533
2025-01-17,2373.3606266513234
2025-01-18,2373.3606266513234
2025-01-19,2373.3606266513234
2025-01-20,2373.3606266513234
2025-01-21,2373.3606266513234
2025-01-22,2373.3606266513234
2025-01-23,2373.3606266513234
2025-01-24,2373.3606266513234
2025-01-25,2373.3606266513234
2025-01-26,2373.3606266513234
2025-01-27,2373.3606266513234
2025-01-28,2476.7162433434223
2025-01-29,2476.7162433434223
2025-01-30,2684.879598657976
2025-01-31,2684.879598657976
2025-02-01,2684.879598657976
2025-02-02,2684.879598657976
2025-02-03,2684.879598657976
2025-02-04,2684.879598657976
2025-02-05,2684.879598657976
2025-02-06,2781.306250910563
2025-02-07,2781.306250910563
2025-02-08,2781.306250910563
2025-02-09,2781.306250910563
2025-02-10,2781.306250910563
2025-02-11,2781.306250910563
2025-02-12,2781.306250910563
2025-02-13,2781.306250910563
2025-02-14,2781.306250910563
2025-02-15,2781.306250910563
2025-02-16,2781.306250910563
2025-02-17,2781.306250910563
2025-02-18,2781.306250910563
2025-02-19,2781.306250910563
2025-02-20,2750.938365890726
2025-02-21,2750.938365890726
2025-02-22,2750.938365890726
2025-02-23,2750.938365890726
2025-02-24,2750.938365890726
2025-02-25,2750.938365890726
2025-02-26,2855.572684514897
2025-02-27,2855.572684514897
2025-02-28,2855.572684514897
2025-03-01,2855.572684514897
2025-03-02,2855.572684514897
2025-03-03,2855.572684514897
2025-03-04,2855.572684514897
2025-03-05,2573.6018867368994
2025-03-06,2573.6018867368994
2025-03-07,2573.6018867368994
2025-03-08,2573.6018867368994
2025-03-09,2573.6018867368994
2025-03-10,2536.9433200449403
2025-03-11,2536.9433200449403
2025-03-12,2553.8562755119065
2025-03-13,2553.8562755119065
2025-03-14,2553.8562755119065
2025-03-15,2553.8562755119065
2025-03-16,2553.8562755119065
2025-03-17,2618.2410073203996
2025-03-18,2618.2410073203996
2025-03-19,2618.2410073203996
2025-03-20,2618.2410073203996
2025-03-21,2618.2410073203996
2025-03-22,2618.2410073203996
2025-03-23,2618.2410073203996
2025-03-24,2618.2410073203996
2025-03-25,2618.2410073203996
2025-03-26,2618.2410073203996
2025-03-27,2618.2410073203996
2025-03-28,2618.2410073203996
2025-03-29,2618.2410073203996
2025-03-30,2618.2410073203996
2025-03-31,2492.9777704392127
2025-04-01,2492.9777704392127
2025-04-02,2492.9777704392127
2025-04-03,2228.271171338139
2025-04-04,2228.271171338139
2025-04-05,2228.271171338139
2025-04-06,2228.271171338139
2025-04-07,2228.271171338139
2025-04-08,2228.271171338139
2025-04-09,2228.271171338139
2025-04-10,2399.7904837895508
2025-04-11,2399.7904837895508
2025-04-12,2399.7904837895508
2025-04-13,2399.7904837895508
2025-04-14,2399.7904837895508
2025-04-15,2351.474439869171
2025-04-16,2351.474439869171
2025-04-17,2351.474439869171
2025-04-18,2351.474439869171
2025-04-19,2351.474439869171
2025-04-20,2351.474439869171
2025-04-21,2351.474439869171
2025-04-22,2356.2968603266954
2025-04-23,2356.2968603266954
2025-04-24,2356.2968603266954
2025-04-25,2356.2968603266954
2025-04-26,2356.2968603266954
2025-04-27,2356.2968603266954
2025-04-28,2370.1600052905296
2025-04-29,2370.1600052905296
2025-04-30,2370.1600052905296
2025-05-01,2393.8380395273693
2025-05-02,2393.8380395273693
2025-05-03,2393.8380395273693
2025-05-04,2393.8380395273693
2025-05-05,2393.8380395273693
2025-05-06,2393.8380395273693
2025-05-07,2393.8380395273693
2025-05-08,2386.808577329772
2025-05-09,2386.808577329772
2025-05-10,2386.808577329772
2025-05-11,2386.808577329772
2025-05-12,2386.808577329772
2025-05-13,2386.808577329772
2025-05-14,2406.359517908888
2025-05-15,2406.359517908888
2025-05-16,2412.4135197415103
2025-05-17,2412.4135197415103
2025-05-18,2412.4135197415103
2025-05-19,2412.4135197415103
2025-05-20,2412.4135197415103
2025-05-21,2412.4135197415103
2025-05-22,2412.4135197415103
2025-05-23,2403.078687457229
2025-05-24,2403.078687457229
2025-05-25,2403.078687457229
2025-05-26,2403.078687457229
2025-05-27,2403.078687457229
2025-05-28,2403.078687457229
2025-05-29,2403.078687457229
2025-05-30,2403.078687457229
2025-05-31,2403.078687457229
2025-06-01,2403.078687457229
2025-06-02,2403.078687457229
2025-06-03,2403.078687457229
2025-06-04,2349.8043374094455
2025-06-05,2349.8043374094455
2025-06-06,2349.8043374094455
2025-06-07,2349.8043374094455
2025-06-08,2349.8043374094455
2025-06-09,2349.8043374094455
2025-06-10,2349.8043374094455
2025-06-11,2349.8043374094455
2025-06-12,2349.8043374094455
2025-06-13,2349.8043374094455
2025-06-14,2349.8043374094455
2025-06-15,2349.8043374094455
2025-06-16,2349.8043374094455
2025-06-17,2349.8043374094455
2025-06-18,2349.8043374094455
2025-06-19,2349.8043374094455
2025-06-20,2562.3949126899915
2025-06-21,2562.3949126899915
2025-06-22,2562.3949126899915
2025-06-23,2562.3949126899915
2025-06-24,2562.3949126899915
2025-06-25,2562.3949126899915
2025-06-26,2562.3949126899915
2025-06-27,2562.3949126899915
2025-06-28,2562.3949126899915
2025-06-29,2562.3949126899915
2025-06-30,2562.3949126899915
2025-07-01,2562.3949126899915
2025-07-02,2676.561022661328
