date,open,high,low,close,volume,average,barCount
2020-07-13,293.08,296.85,283.85,284.82,867083.0,290.441,6545
2020-07-14,282.64,294.72,279.11,293.83,953625.0,288.096,7045
2020-07-15,291.88,295.35,290.2,295.11,520073.0,293.207,4213
2020-07-16,292.01,293.33,284.69,290.56,483789.0,288.315,3927
2020-07-17,292.39,294.67,289.28,294.53,518996.0,293.013,3865
2020-07-20,292.37,304.0,292.37,303.1,722148.0,301.145,5000
2020-07-21,300.65,301.14,290.96,291.4,609418.0,294.339,4018
2020-07-22,293.56,293.56,286.46,291.23,445584.0,290.149,3279
2020-07-23,291.33,291.99,283.32,284.46,772850.0,287.453,5188
2020-07-24,281.78,282.64,276.5,278.49,1228517.0,278.86,8968
2020-07-27,280.84,285.57,277.68,284.21,909715.0,282.678,6977
2020-07-28,283.77,284.59,278.14,278.52,657397.0,280.761,5320
2020-07-29,280.28,281.59,278.09,278.72,507791.0,279.823,4128
2020-07-30,276.11,282.28,274.66,279.4,952681.0,280.006,6864
2020-07-31,278.88,283.0,268.25,272.0,1793078.0,271.708,11003
2020-08-03,274.2,280.59,274.0,279.52,961930.0,278.242,7169
2020-08-04,279.23,280.57,274.03,275.71,661935.0,277.072,5009
2020-08-05,275.41,275.75,271.16,273.23,700648.0,272.637,5552
2020-08-06,269.3,273.88,268.58,273.34,666847.0,271.057,5016
2020-08-07,273.4,277.2,269.95,272.99,545259.0,273.611,4176
2020-08-10,271.58,272.29,265.09,268.73,671125.0,267.703,4922
2020-08-11,266.86,267.99,261.3,261.86,819189.0,264.619,6077
2020-08-12,263.11,271.35,262.35,270.85,652016.0,269.495,5410
2020-08-13,270.5,272.73,266.87,267.15,597237.0,268.513,4448
2020-08-14,268.29,269.95,265.8,267.29,560432.0,267.278,4362
2020-08-17,267.87,274.17,267.84,273.84,519720.0,272.838,4314
2020-08-18,275.0,275.0,269.26,271.31,377219.0,271.581,3191
2020-08-19,270.83,273.99,269.53,270.07,403355.0,271.87,3265
2020-08-20,270.67,272.09,268.6,271.43,371069.0,270.966,2898
2020-08-21,271.73,273.11,267.99,271.28,557135.0,270.999,4020
2020-08-24,270.38,271.94,263.47,267.43,595214.0,267.117,4597
2020-08-25,267.61,273.32,266.22,272.35,470129.0,271.55,3860
2020-08-26,272.86,272.86,268.82,271.29,422447.0,270.776,3453
2020-08-27,272.95,275.63,269.72,274.34,501776.0,273.593,4272
2020-08-28,272.94,275.26,268.1,269.96,422412.0,269.653,3346
2020-08-31,269.82,279.74,269.58,279.12,701547.0,276.492,5763
2020-09-01,277.87,279.96,271.77,275.49,702405.0,274.925,5232
2020-09-02,275.64,283.45,273.72,281.89,699999.0,280.486,5263
2020-09-03,281.86,281.86,265.25,267.42,774992.0,271.98,5869
2020-09-04,268.33,269.91,263.01,266.5,754202.0,266.017,6321
2020-09-08,263.62,264.84,258.0,258.61,643542.0,260.235,5144
2020-09-09,261.03,264.36,259.04,263.04,1122153.0,262.168,7816
2020-09-10,262.95,263.59,253.97,255.65,680469.0,258.856,5355
2020-09-11,257.84,262.08,255.76,257.96,661718.0,258.783,4980
2020-09-14,261.24,268.4,260.87,264.8,588399.0,265.097,4280
2020-09-15,266.77,267.88,264.23,266.85,767595.0,266.415,4416
2020-09-16,270.61,273.55,267.31,267.55,798083.0,270.808,5388
2020-09-17,258.57,273.25,258.57,271.46,1000759.0,269.344,7405
2020-09-18,273.3,273.59,257.41,265.39,1037130.0,266.484,6229
2020-09-21,264.14,264.94,259.27,264.0,567890.0,261.766,4588
2020-09-22,263.66,268.0,260.38,267.58,429198.0,264.515,3416
2020-09-23,267.87,270.09,262.75,263.82,391304.0,265.477,3201
2020-09-24,262.5,263.9,257.5,263.13,785069.0,261.411,6073
2020-09-25,264.1,268.91,260.52,268.18,834972.0,264.373,5373
2020-09-28,269.91,270.59,264.23,267.73,572755.0,267.434,4402
2020-09-29,267.81,271.68,266.38,270.31,521287.0,269.612,4083
2020-09-30,271.33,274.66,269.46,272.12,608236.0,272.507,5128
2020-10-01,272.9,275.4,270.65,273.51,477618.0,273.19,3696
2020-10-02,269.34,272.79,260.13,260.8,766031.0,264.206,5974
2020-10-05,262.86,269.07,261.7,268.98,614570.0,266.975,4841
2020-10-06,269.89,270.5,260.26,260.98,522293.0,263.732,3831
2020-10-07,263.18,266.5,262.1,265.82,339219.0,264.81,2468
2020-10-08,266.23,268.92,264.91,268.53,391536.0,267.279,2953
2020-10-09,268.87,270.08,266.24,269.95,485158.0,268.689,3678
2020-10-12,273.14,277.33,269.57,274.6,566138.0,273.193,4495
2020-10-13,275.88,280.99,274.48,276.09,589189.0,277.034,3951
2020-10-14,276.08,276.08,269.78,271.46,383800.0,272.559,2771
2020-10-15,228.0,232.46,213.17,215.28,14142169.0,219.683,67485
2020-10-16,217.6,225.0,217.19,218.08,3806963.0,221.631,24167
2020-10-19,219.08,225.97,217.25,220.51,2183006.0,221.737,13729
2020-10-20,222.25,222.62,214.48,214.54,1806710.0,216.375,11918
2020-10-21,215.01,217.93,209.16,211.38,1876724.0,212.16,11634
2020-10-22,210.11,214.74,208.23,210.08,1755652.0,210.261,8123
2020-10-23,212.19,213.51,209.07,211.58,1181162.0,211.491,7311
2020-10-26,209.76,210.54,204.84,207.15,1452478.0,206.824,8650
2020-10-27,208.35,213.58,206.78,212.19,1823787.0,211.359,11802
2020-10-28,212.0,214.24,208.25,208.34,1201696.0,211.286,8101
2020-10-29,209.01,210.38,205.0,207.01,1193393.0,207.096,7172
2020-10-30,205.93,211.64,203.51,208.36,1819514.0,207.565,11778
2020-11-02,211.14,211.45,202.56,207.42,1236773.0,205.677,8394
2020-11-03,209.1,214.88,208.0,211.14,1278730.0,212.097,7834
2020-11-04,218.27,223.77,214.22,215.09,2328636.0,217.96,15166
2020-11-05,220.08,220.92,216.22,219.48,1437661.0,218.836,9260
2020-11-06,219.12,221.72,216.36,220.28,1121793.0,219.349,6612
2020-11-09,224.41,229.08,221.5,222.85,1278163.0,225.78,9329
2020-11-10,223.5,224.74,215.06,215.35,994967.0,217.636,6993
2020-11-11,216.66,218.8,213.65,216.72,995121.0,216.113,7180
2020-11-12,217.0,221.32,216.9,218.31,1486158.0,218.383,8890
2020-11-13,222.28,227.27,219.64,225.52,1090092.0,224.947,6878
2020-11-16,225.99,227.36,221.79,224.27,835241.0,223.663,6436
2020-11-17,222.29,223.43,218.23,222.96,1030361.0,222.22,7220
2020-11-18,223.31,223.77,216.34,216.35,1694456.0,219.08,9488
2020-11-19,216.42,218.15,211.39,211.97,1579770.0,214.164,10881
2020-11-20,212.14,217.23,210.04,215.21,1357305.0,214.304,10231
2020-11-23,216.78,218.29,214.14,217.87,1212226.0,216.565,7682
2020-11-24,215.98,219.47,215.13,216.5,1311131.0,216.567,8670
2020-11-25,217.87,220.54,215.84,218.1,983902.0,218.062,6585
2020-11-27,219.61,226.72,219.61,226.71,623185.0,224.308,4973
2020-11-30,231.0,232.17,224.3,227.75,1226710.0,226.938,9653
2020-12-01,227.24,230.56,226.02,230.3,1017055.0,229.078,6614
2020-12-02,230.3,232.45,226.32,226.7,1145150.0,229.43,7974
2020-12-03,226.4,229.05,224.71,226.87,738498.0,226.169,5785
2020-12-04,227.32,230.21,225.59,228.32,485968.0,228.046,3355
2020-12-07,231.0,231.42,225.12,227.06,700087.0,227.676,4357
2020-12-08,228.35,230.2,225.4,229.83,713447.0,227.467,4834
2020-12-09,229.89,231.0,221.31,224.38,1135250.0,224.185,7815
2020-12-10,224.81,224.89,221.7,224.04,860676.0,223.495,5878
2020-12-11,224.1,224.56,220.93,224.17,834134.0,222.785,5566
2020-12-14,226.69,233.47,226.42,228.13,957926.0,230.534,6630
2020-12-15,229.7,230.6,226.0,228.81,610453.0,228.072,4088
2020-12-16,229.4,232.75,228.55,232.11,687538.0,231.111,4852
2020-12-17,233.0,237.35,232.32,236.92,978563.0,235.987,7122
2020-12-18,238.22,239.71,234.47,236.72,885338.0,236.811,5058
2020-12-21,233.26,235.58,228.8,234.55,753939.0,232.412,5298
2020-12-22,235.01,235.8,232.35,234.9,597956.0,234.249,4713
2020-12-23,235.58,238.57,234.08,235.84,563393.0,236.653,3547
2020-12-24,237.17,237.5,233.48,234.46,234446.0,235.018,1625
2020-12-28,235.6,236.48,232.2,232.47,498562.0,234.085,3495
2020-12-29,233.94,236.56,232.96,233.49,332549.0,234.231,2433
2020-12-30,234.97,237.01,232.07,232.68,451769.0,233.656,3540
2020-12-31,232.35,237.5,230.32,236.34,526023.0,234.148,3684
2021-01-04,237.77,238.08,226.27,229.43,1205149.0,229.853,6485
2021-01-05,228.84,229.92,225.09,228.58,973786.0,227.529,5549
2021-01-06,225.1,227.51,222.31,226.65,1375921.0,225.364,7428
2021-01-07,227.9,233.97,227.2,232.9,795729.0,231.111,5792
2021-01-08,233.86,237.76,233.01,237.0,649956.0,235.69,4849
2021-01-11,235.58,236.47,227.38,234.64,1553234.0,232.362,9906
2021-01-12,234.8,238.26,228.74,229.38,1111066.0,232.535,7164
2021-01-13,230.24,231.06,226.94,227.1,1055706.0,228.217,7109
2021-01-14,228.38,228.4,224.7,226.12,1093473.0,226.185,7173
2021-01-15,226.18,227.6,224.39,225.55,1386866.0,226.036,7538
2021-01-19,226.96,233.88,223.31,231.91,1312456.0,229.522,8317
2021-01-20,232.62,239.37,231.18,236.7,854197.0,236.694,6418
2021-01-21,237.06,239.75,232.78,238.64,895436.0,237.555,6739
2021-01-22,236.93,241.83,236.76,237.59,714657.0,239.213,5071
2021-01-25,239.91,242.99,239.04,241.31,1149352.0,241.399,6674
2021-01-26,241.19,241.98,236.24,237.64,1070972.0,238.384,7192
2021-01-27,233.87,234.0,224.7,225.25,1556662.0,227.638,10114
2021-01-28,226.56,234.96,226.56,230.04,897559.0,231.209,6418
2021-01-29,229.56,232.92,227.56,229.08,1231460.0,230.293,7705
2021-02-01,231.09,232.38,226.18,231.77,1166579.0,230.761,8310
2021-02-02,225.8,227.9,216.14,217.33,4590097.0,219.496,27992
2021-02-03,218.42,219.09,210.99,211.0,2695814.0,213.776,16215
2021-02-04,213.02,214.79,211.64,213.71,2054989.0,213.088,11661
2021-02-05,214.5,217.55,212.26,215.26,1976021.0,214.619,10175
2021-02-08,217.13,218.22,213.54,214.37,1370342.0,215.512,9285
2021-02-09,214.45,215.59,212.57,213.82,1031898.0,213.641,6259
2021-02-10,215.98,216.3,212.02,212.53,1248808.0,213.391,7799
2021-02-11,212.48,212.89,209.72,210.5,1267849.0,210.553,7853
2021-02-12,210.7,214.36,210.22,213.98,1266802.0,211.899,7797
2021-02-16,213.62,214.41,208.61,210.27,1691509.0,210.345,9726
2021-02-17,209.65,215.0,208.5,214.85,1406852.0,212.681,9831
2021-02-18,213.56,213.76,209.58,209.83,1363878.0,211.797,9300
2021-02-19,210.1,211.73,206.79,207.02,1530997.0,208.573,9424
2021-02-22,206.75,216.22,204.62,214.96,2389762.0,212.372,16272
2021-02-23,215.2,217.69,211.67,216.44,1685978.0,214.89,11664
2021-02-24,215.82,220.42,214.72,217.04,1098690.0,217.757,7950
2021-02-25,215.8,217.4,210.5,212.98,1024282.0,213.27,7505
2021-02-26,214.59,215.5,209.34,212.55,1763245.0,211.303,10645
2021-03-01,213.35,213.69,209.38,210.38,1135927.0,211.189,8266
2021-03-02,211.81,214.13,211.45,212.06,1543437.0,212.847,9720
2021-03-03,212.0,213.28,208.06,208.44,1636725.0,210.594,11205
2021-03-04,207.57,213.1,205.85,207.79,1433031.0,209.041,9926
2021-03-05,208.23,212.6,206.39,211.98,1035822.0,209.68,6802
2021-03-08,213.25,219.3,211.76,213.58,1743045.0,215.679,12145
2021-03-09,217.29,219.13,213.86,214.04,1322046.0,216.583,7771
2021-03-10,217.3,217.72,211.56,214.29,1192647.0,213.478,7814
2021-03-11,215.0,217.68,214.31,215.15,929862.0,215.789,6961
2021-03-12,214.34,214.9,211.26,214.33,635279.0,213.043,4780
2021-03-15,214.16,219.85,213.47,219.65,943021.0,217.639,6201
2021-03-16,220.31,220.64,216.71,218.99,852266.0,218.993,5767
2021-03-17,217.16,217.88,214.15,217.08,680173.0,216.489,4948
2021-03-18,214.19,216.25,212.65,213.36,679276.0,214.158,4836
2021-03-19,214.24,216.93,213.28,216.11,842510.0,214.748,5010
2021-03-22,215.84,220.33,215.25,218.82,1025088.0,218.888,7295
2021-03-23,219.14,219.85,212.11,213.59,971081.0,214.889,7112
2021-03-24,213.6,214.51,209.41,211.54,824732.0,211.134,6265
2021-03-25,213.22,213.6,209.71,212.36,869988.0,211.507,6571
2021-03-26,212.45,214.96,209.22,214.64,1353368.0,212.029,9010
2021-03-29,214.5,218.46,212.21,216.71,849948.0,216.034,6027
2021-03-30,214.75,215.5,212.37,212.99,492588.0,213.448,3624
2021-03-31,213.38,216.06,212.87,214.89,504644.0,215.001,3884
2021-04-01,215.92,216.02,212.3,213.04,1120565.0,213.51,8038
2021-04-05,214.06,215.61,213.18,215.32,1124753.0,214.134,8390
2021-04-06,215.5,216.46,213.15,215.3,982662.0,215.438,6241
2021-04-07,215.71,218.47,211.7,212.72,933967.0,215.033,5748
2021-04-08,214.22,216.05,209.95,210.28,777105.0,211.683,5652
2021-04-09,210.21,213.82,209.53,213.35,910717.0,212.032,6149
2021-04-12,212.68,214.45,211.21,213.6,932494.0,213.244,5751
2021-04-13,214.61,218.7,214.45,215.94,941312.0,216.284,5075
2021-04-14,216.16,220.25,216.16,217.13,798145.0,218.192,4857
2021-04-15,218.52,222.35,218.0,221.1,1000469.0,221.076,7004
2021-04-16,222.34,222.78,219.24,219.39,967044.0,220.671,7095
2021-04-19,220.86,222.59,218.15,219.18,842599.0,219.687,5938
2021-04-20,218.92,222.0,218.15,220.16,753386.0,220.357,5678
2021-04-21,220.65,221.48,217.82,219.76,643763.0,219.086,4229
2021-04-22,217.11,218.93,214.0,215.98,1174634.0,216.192,7545
2021-04-23,217.52,218.82,215.77,217.9,540406.0,217.774,4101
2021-04-26,217.74,218.28,214.46,216.97,679616.0,216.787,5345
2021-04-27,217.17,218.15,215.0,215.53,705368.0,216.045,5381
2021-04-28,215.68,215.72,212.81,213.48,843742.0,213.904,6136
2021-04-29,213.51,213.8,210.27,211.86,993266.0,212.073,6434
2021-04-30,213.34,221.41,213.0,218.2,1388138.0,218.266,10370
2021-05-03,217.27,219.69,216.7,217.95,657360.0,218.372,4697
2021-05-04,217.54,217.54,211.76,214.85,1022779.0,214.086,6393
2021-05-05,214.7,215.84,213.24,213.87,520386.0,214.307,3488
2021-05-06,212.25,213.58,211.06,213.16,608334.0,212.35,4451
2021-05-07,214.36,216.77,213.81,215.01,617767.0,215.026,4315
2021-05-10,215.77,216.28,212.75,212.9,627809.0,214.097,4520
2021-05-11,211.8,214.02,211.39,213.0,797797.0,212.894,5324
2021-05-12,212.06,215.67,211.74,212.68,566941.0,213.632,4250
2021-05-13,212.69,215.02,212.33,214.35,540216.0,213.616,4334
2021-05-14,215.1,218.18,213.29,217.09,769248.0,216.835,5786
2021-05-17,215.62,217.65,214.8,216.35,444738.0,216.372,3059
2021-05-18,216.9,218.06,214.38,214.65,711848.0,216.23,4446
2021-05-19,213.4,214.18,211.0,214.05,599110.0,212.887,4469
2021-05-20,213.93,218.97,213.4,216.61,628199.0,217.098,4682
2021-05-21,217.29,218.42,213.0,213.43,998016.0,214.704,7043
2021-05-24,215.02,215.7,210.99,211.22,844342.0,212.897,5350
2021-05-25,211.51,212.07,207.48,208.76,1035716.0,208.553,6880
2021-05-26,209.63,209.63,206.14,206.8,868917.0,207.068,6354
2021-05-27,206.81,207.44,204.62,207.31,935408.0,206.209,6156
2021-05-28,208.71,211.78,208.3,208.63,1076331.0,209.79,6587
2021-06-01,209.49,210.2,207.2,209.67,956472.0,209.092,6913
2021-06-02,209.9,212.21,208.45,210.38,898986.0,209.807,6481
2021-06-03,208.73,211.48,208.5,211.15,833274.0,210.338,5922
2021-06-04,211.68,212.98,209.39,209.93,766689.0,210.856,4595
2021-06-07,210.24,211.57,208.62,209.16,1049794.0,209.852,7000
2021-06-08,210.48,213.17,209.13,211.13,1103803.0,211.029,7025
2021-06-09,211.97,215.47,211.55,213.56,792840.0,213.174,5898
2021-06-10,213.82,217.26,211.28,216.77,836053.0,215.828,5846
2021-06-11,194.04,200.05,192.88,193.02,10374005.0,195.818,55479
2021-06-14,195.66,196.32,192.63,194.8,2156051.0,194.409,13769
2021-06-15,196.12,196.12,188.01,188.97,2901432.0,190.58,19810
2021-06-16,189.53,192.55,187.2,187.49,1562663.0,189.504,11202
2021-06-17,187.79,189.17,185.64,188.36,3134087.0,187.774,16400
2021-06-18,188.52,188.84,185.88,187.85,1683729.0,187.403,9469
2021-06-21,188.16,190.85,187.48,187.7,1168032.0,188.764,8296
2021-06-22,188.13,188.94,185.32,188.87,1095628.0,187.491,7207
2021-06-23,188.19,189.78,187.09,187.52,1300920.0,187.839,7592
2021-06-24,188.6,193.28,188.29,191.94,1623633.0,191.658,7952
2021-06-25,192.0,194.78,191.02,194.34,2177585.0,193.193,10157
2021-06-28,197.0,198.73,194.42,197.82,1860956.0,196.369,12869
2021-06-29,197.26,198.8,196.56,196.78,1887951.0,197.501,10811
2021-06-30,196.92,202.22,196.21,201.63,1517455.0,200.3,9164
2021-07-01,201.26,202.43,199.86,202.21,1739426.0,200.987,8965
2021-07-02,203.19,203.24,200.31,200.54,781205.0,201.08,4817
2021-07-06,200.01,201.9,199.97,200.05,1146445.0,200.563,7779
2021-07-07,199.8,200.44,197.21,198.99,1504813.0,198.422,8772
2021-07-08,197.56,198.99,196.3,197.74,937022.0,197.351,5684
2021-07-09,197.55,198.71,196.43,198.16,460611.0,197.774,3033
2021-07-12,197.93,198.46,197.2,198.34,1393370.0,198.042,7252
2021-07-13,198.16,200.44,197.36,198.33,1015021.0,198.305,5516
2021-07-14,197.51,199.02,195.75,197.89,948930.0,197.662,5695
2021-07-15,196.79,200.16,195.85,200.09,1702053.0,198.462,8676
2021-07-16,200.55,204.46,199.26,202.28,2177836.0,201.815,9847
2021-07-19,202.41,204.26,198.33,199.24,1100160.0,199.561,5822
2021-07-20,194.69,196.99,193.88,196.55,2354420.0,195.393,11560
2021-07-21,196.08,197.21,194.45,196.27,689206.0,195.655,3970
2021-07-22,195.4,196.57,195.0,196.02,875180.0,195.977,4817
2021-07-23,196.72,203.52,195.5,200.5,2128985.0,200.285,10578
2021-07-26,199.28,202.41,198.26,198.93,3112226.0,200.532,11342
2021-07-27,199.85,203.1,198.66,202.85,1082037.0,201.383,6850
2021-07-28,202.85,204.88,201.05,202.24,664768.0,202.48,4558
2021-07-29,202.73,202.94,198.83,200.38,795325.0,200.281,5704
2021-07-30,201.54,203.46,197.31,201.58,1036549.0,201.699,7940
2021-08-02,200.65,201.27,197.45,198.32,1988453.0,198.901,11851
2021-08-03,198.59,200.71,198.03,200.05,1439230.0,199.713,9190
2021-08-04,200.0,202.0,199.11,199.59,1760528.0,200.466,10359
2021-08-05,200.25,203.13,199.73,202.99,1268959.0,201.22,7712
2021-08-06,202.99,204.0,200.53,200.67,733181.0,201.802,5449
2021-08-09,201.38,201.54,198.63,200.4,1206611.0,200.195,7031
2021-08-10,200.5,200.66,195.33,196.46,2148697.0,196.92,13109
2021-08-11,196.82,199.28,194.52,195.25,3075767.0,196.304,16941
2021-08-12,195.72,196.35,193.88,194.81,2748358.0,194.585,13845
2021-08-13,195.0,195.71,193.7,194.36,2499211.0,194.706,14654
2021-08-16,194.87,194.95,189.61,190.97,2547532.0,191.149,15609
2021-08-17,189.47,198.59,188.84,198.44,1292920.0,196.354,8965
2021-08-18,198.72,198.72,194.68,194.77,622285.0,196.65,4180
2021-08-19,194.3,197.92,194.3,195.04,658050.0,196.265,4316
2021-08-20,195.6,198.61,194.3,195.85,561534.0,196.447,3917
2021-08-23,197.27,200.5,196.14,198.4,608725.0,198.619,4533
2021-08-24,198.82,200.16,196.68,199.73,476916.0,199.181,3783
2021-08-25,199.59,202.17,198.09,201.33,637675.0,200.94,4595
2021-08-26,200.94,202.74,197.91,198.25,702889.0,199.922,4869
2021-08-27,198.15,202.77,195.85,199.92,723146.0,199.606,3910
2021-08-30,199.3,201.56,198.7,199.49,663723.0,200.007,4438
2021-08-31,200.21,200.35,198.15,200.29,1042159.0,199.43,6840
2021-09-01,200.62,202.55,196.35,197.14,787039.0,198.282,5592
2021-09-02,198.06,199.8,196.6,199.22,688900.0,197.917,4131
2021-09-03,198.5,199.18,196.66,198.05,560827.0,197.842,3859
2021-09-07,196.55,197.05,192.0,192.2,986718.0,193.179,6973
2021-09-08,191.75,193.4,191.06,191.37,509506.0,191.824,4124
2021-09-09,189.42,190.2,188.05,188.09,956191.0,188.856,6076
2021-09-10,188.17,190.15,186.15,188.57,819206.0,188.017,5224
2021-09-13,190.07,193.25,189.61,190.72,513536.0,191.111,3755
2021-09-14,190.86,191.75,188.21,188.41,510192.0,189.285,3923
2021-09-15,188.47,190.6,188.42,188.86,970047.0,189.472,7153
2021-09-16,188.85,189.54,185.44,187.1,918186.0,186.642,6476
2021-09-17,186.24,188.54,184.78,188.3,930938.0,187.115,5033
2021-09-20,186.89,188.89,185.07,185.67,900534.0,186.402,6258
2021-09-21,186.17,187.49,185.1,185.8,480992.0,186.292,3389
2021-09-22,186.12,186.44,182.6,184.27,823334.0,184.479,5573
2021-09-23,184.54,186.5,184.5,185.09,591012.0,185.39,4421
2021-09-24,185.3,185.3,181.98,183.61,692309.0,183.181,5015
2021-09-27,183.2,184.05,181.45,183.41,932138.0,182.662,5880
2021-09-28,182.5,183.32,180.02,181.6,847724.0,181.884,6512
2021-09-29,182.17,184.25,181.96,182.22,635393.0,183.175,4894
2021-09-30,182.48,184.21,181.37,181.39,673956.0,182.999,5173
2021-10-01,180.51,181.15,178.35,180.35,718960.0,180.112,5137
2021-10-04,178.87,181.0,177.03,177.4,968564.0,178.601,6495
2021-10-05,177.5,179.4,176.92,177.01,905739.0,178.11,6056
2021-10-06,177.01,182.58,176.36,180.91,829615.0,180.175,5769
2021-10-07,181.0,182.0,179.72,180.02,625560.0,180.797,4366
2021-10-08,180.27,181.02,178.58,178.94,732940.0,179.551,4729
2021-10-11,179.23,181.02,178.21,179.58,732785.0,180.047,5131
2021-10-12,181.51,181.51,179.3,180.21,926149.0,180.155,6400
2021-10-13,180.08,182.5,180.08,181.34,537517.0,181.519,4140
2021-10-14,181.89,184.19,181.33,181.9,744025.0,182.551,5144
2021-10-15,182.48,183.15,181.0,181.77,770050.0,181.931,5334
2021-10-18,182.5,182.7,177.71,180.8,1340237.0,179.984,8943
2021-10-19,182.06,185.6,181.11,185.41,1046126.0,184.26,6705
2021-10-20,185.99,187.88,185.08,185.49,868884.0,186.164,5868
2021-10-21,185.54,187.2,184.34,187.09,893716.0,186.128,6648
2021-10-22,186.77,187.15,182.88,183.52,1240429.0,184.679,8130
2021-10-25,183.52,186.14,182.51,184.99,495499.0,184.515,3559
2021-10-26,185.02,186.58,183.94,184.07,515057.0,185.061,3974
2021-10-27,184.39,184.96,180.39,180.94,594728.0,181.629,4397
2021-10-28,181.19,183.83,181.01,182.0,836737.0,182.652,4832
2021-10-29,181.65,185.91,180.66,184.93,800590.0,183.886,5887
2021-11-01,184.18,186.74,183.41,185.4,645752.0,185.525,4455
2021-11-02,185.66,185.67,180.71,181.4,1294307.0,181.642,9364
2021-11-03,187.46,190.75,184.1,189.07,2687360.0,187.954,14972
2021-11-04,189.2,194.41,188.3,194.21,1788814.0,192.538,13054
2021-11-05,193.76,195.23,191.48,192.85,1209613.0,193.092,9079
2021-11-08,192.99,194.46,190.64,192.23,701659.0,191.928,5388
2021-11-09,192.23,193.41,190.31,191.09,993744.0,191.441,6058
2021-11-10,191.01,192.61,187.51,187.91,686392.0,189.774,5214
2021-11-11,188.0,188.15,185.1,185.87,609175.0,186.083,4280
2021-11-12,186.7,187.79,186.03,187.29,422000.0,186.984,2974
2021-11-15,187.29,187.92,186.11,186.86,473189.0,187.231,3473
2021-11-16,186.45,188.87,185.58,188.33,764111.0,187.92,5050
2021-11-17,188.63,198.53,187.12,188.25,1832423.0,191.725,11711
2021-11-18,188.36,189.48,184.89,185.41,901963.0,186.134,5896
2021-11-19,185.15,185.22,181.02,182.88,852786.0,183.009,5339
2021-11-22,182.65,183.65,180.15,181.5,623851.0,182.433,4024
2021-11-23,181.05,187.07,179.96,186.85,1448667.0,184.138,9691
2021-11-24,187.55,188.33,184.71,186.24,1595789.0,186.105,10717
2021-11-26,187.62,189.8,182.66,183.59,575592.0,184.88,3500
2021-11-29,187.45,192.36,185.46,190.11,1847909.0,189.972,11298
2021-11-30,189.36,192.62,186.26,186.94,1320113.0,189.391,8767
2021-12-01,195.89,205.86,194.1,205.0,4932615.0,201.991,25879
2021-12-02,202.2,208.16,201.51,204.45,1905838.0,205.213,12710
2021-12-03,205.78,206.43,202.0,203.81,1404370.0,204.192,8446
2021-12-06,203.73,206.88,203.04,205.06,1081439.0,204.645,6670
2021-12-07,205.54,205.73,203.13,205.22,1070727.0,204.544,6536
2021-12-08,205.27,206.88,203.73,206.61,625196.0,205.792,4456
2021-12-09,207.96,209.0,205.84,208.41,944555.0,207.928,6167
2021-12-10,206.7,208.42,204.11,208.06,608709.0,207.309,4183
2021-12-13,208.5,208.87,205.14,208.15,840283.0,207.509,5219
2021-12-14,208.28,209.99,206.9,209.24,572619.0,208.609,3917
2021-12-15,209.23,211.53,206.98,211.13,658105.0,209.544,4232
2021-12-16,212.19,214.23,211.1,212.61,966576.0,212.933,6776
2021-12-17,211.64,218.32,210.34,214.54,1280707.0,215.028,7208
2021-12-20,215.94,216.39,213.25,215.41,759223.0,215.399,5311
2021-12-21,216.31,218.81,215.66,218.6,989662.0,217.509,7060
2021-12-22,218.6,223.1,218.27,222.77,776040.0,221.195,5758
2021-12-23,223.25,224.4,221.45,223.45,672132.0,222.958,4450
2021-12-27,223.81,224.2,220.52,222.34,1037935.0,221.877,8413
2021-12-28,222.42,223.13,220.24,221.93,352828.0,222.074,2392
2021-12-29,222.19,223.95,221.22,223.32,312441.0,222.667,2237
2021-12-30,222.8,224.49,222.16,222.45,375469.0,223.487,2427
2021-12-31,222.63,223.5,219.04,219.6,488726.0,220.897,3501
2022-01-03,218.38,222.59,214.66,222.53,676707.0,219.669,4500
2022-01-04,220.73,222.7,219.11,221.86,694787.0,221.143,4152
2022-01-05,222.35,224.89,220.69,221.42,699798.0,222.239,4579
2022-01-06,221.82,223.99,221.01,221.65,694678.0,222.566,4388
2022-01-07,220.78,223.98,220.0,221.85,688118.0,222.022,3721
2022-01-10,223.07,225.87,219.1,223.96,1114151.0,222.575,6074
2022-01-11,224.2,226.91,222.14,226.15,776883.0,225.058,5019
2022-01-12,224.81,227.19,223.68,226.14,614116.0,225.476,4380
2022-01-13,224.17,228.12,223.89,226.58,1038132.0,226.397,6602
2022-01-14,227.0,234.58,226.59,234.06,1235624.0,231.385,7729
2022-01-18,231.35,232.49,228.74,231.07,1076683.0,230.571,6633
2022-01-19,231.58,232.66,230.41,230.84,969925.0,231.368,5850
2022-01-20,233.11,234.41,228.2,228.61,1101725.0,231.858,7761
2022-01-21,228.13,231.11,227.26,228.08,1066062.0,229.174,7482
2022-01-24,225.25,229.95,221.69,229.68,1473341.0,226.297,9543
2022-01-25,226.09,229.63,223.66,227.11,908134.0,226.896,6548
2022-01-26,226.62,229.81,225.01,226.58,997006.0,227.078,7946
2022-01-27,228.99,233.69,226.89,228.22,1176335.0,230.551,7840
2022-01-28,227.29,243.3,227.17,243.02,1942570.0,237.749,12775
2022-01-31,240.87,244.41,239.16,243.05,1499894.0,241.382,8714
2022-02-01,242.39,245.77,241.5,245.66,1795999.0,243.879,8873
2022-02-02,243.58,254.93,241.0,253.57,2146105.0,250.752,12144
2022-02-03,250.18,250.41,243.54,243.75,1402854.0,245.905,8753
2022-02-04,242.37,244.63,238.48,241.96,881633.0,241.97,5813
2022-02-07,243.08,244.81,241.22,243.26,517670.0,243.504,3292
2022-02-08,242.36,243.0,239.23,240.94,542061.0,241.334,3636
2022-02-09,242.52,245.61,241.51,244.24,516226.0,243.748,3451
2022-02-10,238.49,241.01,234.46,235.89,940433.0,238.075,6338
2022-02-11,236.55,237.34,233.17,233.89,666644.0,234.799,4570
2022-02-14,233.75,234.0,229.26,231.23,642526.0,231.06,4818
2022-02-15,231.88,233.87,231.29,233.41,746313.0,232.479,4955
2022-02-16,233.68,236.89,231.55,235.77,480965.0,234.748,3508
2022-02-17,233.85,234.95,230.06,232.77,885200.0,232.401,6079
2022-02-18,233.0,233.89,228.55,229.61,586986.0,231.004,3800
2022-02-22,229.7,233.03,229.21,230.21,714554.0,231.123,4984
2022-02-23,231.38,233.53,229.2,230.69,867053.0,231.462,5058
2022-02-24,227.11,230.43,225.28,230.25,670685.0,227.46,5101
2022-02-25,229.46,233.16,228.04,230.3,772027.0,230.942,5062
2022-02-28,227.99,230.13,226.18,230.02,686713.0,228.214,4982
2022-03-01,229.19,232.52,228.5,230.69,541719.0,230.292,4066
2022-03-02,230.18,235.5,229.39,234.11,494544.0,233.477,3196
2022-03-03,235.15,238.53,234.74,235.69,488398.0,236.107,3425
2022-03-04,233.4,243.18,233.04,238.66,1026476.0,239.521,6455
2022-03-07,237.46,242.5,235.05,235.54,675992.0,238.228,5075
2022-03-08,234.1,242.9,232.97,238.71,664809.0,239.462,4772
2022-03-09,240.51,240.74,236.35,239.24,622329.0,238.521,4492
2022-03-10,235.16,242.91,234.53,241.93,536123.0,239.128,3920
2022-03-11,242.6,247.49,236.13,236.48,656534.0,240.729,4225
2022-03-14,240.12,242.45,238.65,241.68,701050.0,241.202,4712
2022-03-15,243.93,247.47,243.52,246.99,750221.0,245.749,5142
2022-03-16,246.36,248.8,243.01,248.52,512182.0,246.906,3562
2022-03-17,248.36,251.33,247.37,250.0,643909.0,249.975,4009
2022-03-18,249.79,250.13,246.22,249.08,922289.0,248.387,4909
2022-03-21,248.03,252.19,246.73,250.26,761310.0,249.264,5664
2022-03-22,249.13,252.19,248.5,251.88,419260.0,250.849,2802
2022-03-23,251.67,252.08,247.94,248.13,621985.0,250.745,4106
2022-03-24,249.62,253.51,249.31,251.7,479192.0,251.587,3050
2022-03-25,251.88,254.15,250.49,253.95,496398.0,252.797,3529
2022-03-28,253.83,258.25,252.8,255.72,902746.0,255.683,5266
2022-03-29,256.11,258.0,252.52,257.98,715999.0,255.28,5004
2022-03-30,258.81,260.1,255.98,256.52,379420.0,257.803,2702
2022-03-31,260.0,263.58,256.09,260.97,1153718.0,260.758,7879
2022-04-01,261.01,267.13,259.04,266.15,1233872.0,264.917,7857
2022-04-04,266.84,269.3,264.69,268.64,715600.0,267.7,4591
2022-04-05,267.96,275.88,267.96,269.96,874830.0,272.319,5341
2022-04-06,267.16,273.04,266.62,272.39,1130403.0,271.196,6321
2022-04-07,272.39,277.66,271.8,275.83,823890.0,274.896,5338
2022-04-08,275.87,281.5,273.2,280.28,786872.0,278.894,5444
2022-04-11,280.42,282.73,278.78,281.09,1047886.0,280.37,6942
2022-04-12,280.52,284.77,278.99,281.15,867381.0,281.084,5922
2022-04-13,281.59,291.44,281.59,290.93,891618.0,287.573,5894
2022-04-14,289.32,292.75,286.08,287.97,911307.0,288.828,6241
2022-04-18,287.67,287.86,281.75,282.99,738406.0,284.313,4668
2022-04-19,282.99,284.31,279.59,282.52,591087.0,281.676,4050
2022-04-20,283.42,286.88,282.77,285.3,469234.0,285.37,3133
2022-04-21,285.57,286.81,281.45,281.71,547319.0,284.198,3526
2022-04-22,280.58,281.84,270.19,270.42,848096.0,273.667,6533
2022-04-25,270.0,272.5,265.87,271.68,755561.0,269.436,4989
2022-04-26,271.07,272.23,267.39,267.69,648551.0,269.614,4556
2022-04-27,267.33,269.39,264.81,267.25,615111.0,267.713,3613
2022-04-28,268.57,269.3,262.22,268.64,869596.0,266.743,6618
2022-04-29,274.75,279.71,272.63,273.22,1450817.0,275.5,11056
2022-05-02,264.16,266.19,254.09,261.96,2223966.0,259.294,15043
2022-05-03,266.56,271.25,265.58,269.11,692088.0,269.043,5265
2022-05-04,269.34,275.26,266.24,273.7,477861.0,270.842,3809
2022-05-05,272.35,273.59,264.59,266.37,632854.0,267.805,5123
2022-05-06,256.32,261.68,252.69,253.93,1276969.0,255.646,9504
2022-05-09,250.85,251.38,234.4,235.02,1746166.0,238.843,11286
2022-05-10,239.64,244.1,237.41,240.16,986530.0,240.692,7130
2022-05-11,237.85,241.75,233.01,234.96,944022.0,236.982,6014
2022-05-12,236.55,241.05,233.62,240.85,662292.0,237.635,5188
2022-05-13,241.22,247.54,240.25,246.72,637519.0,244.866,5068
2022-05-16,245.85,254.71,244.61,254.17,758200.0,251.949,5896
2022-05-17,255.67,262.95,254.67,261.84,768888.0,260.772,5933
2022-05-18,260.26,262.08,251.41,252.35,633028.0,254.925,4775
2022-05-19,252.55,257.15,250.38,255.45,700497.0,254.377,5309
2022-05-20,256.61,259.1,252.51,258.59,684271.0,255.57,5435
2022-05-23,260.05,270.28,259.19,268.35,822704.0,267.13,5525
2022-05-24,265.51,270.98,263.78,268.48,803018.0,267.501,4828
2022-05-25,269.7,273.19,267.82,270.84,866936.0,270.629,5652
2022-05-26,270.84,274.17,268.87,269.65,532483.0,270.69,3866
2022-05-27,271.15,273.86,268.93,273.73,580549.0,272.084,4588
2022-05-31,274.23,276.0,266.47,268.65,844897.0,269.428,6468
2022-06-01,275.17,275.56,266.18,269.41,638570.0,268.988,4415
2022-06-02,270.16,270.96,260.66,270.05,613979.0,265.856,4804
2022-06-03,268.62,272.46,266.29,269.44,460415.0,270.155,3732
2022-06-06,271.59,272.02,266.61,268.0,357713.0,268.885,2841
2022-06-07,267.22,272.91,265.62,271.86,402506.0,270.092,2905
2022-06-08,272.2,279.13,271.5,274.54,939482.0,275.091,5413
2022-06-09,273.17,273.17,259.65,259.7,875842.0,264.817,6412
2022-06-10,256.51,258.0,252.87,254.88,557427.0,255.231,4443
2022-06-13,249.88,250.89,244.12,245.39,739968.0,247.42,5040
2022-06-14,246.33,249.44,243.17,249.08,492996.0,247.436,3732
2022-06-15,250.8,256.22,248.27,253.51,397717.0,252.641,3070
2022-06-16,248.49,251.45,245.32,250.96,495184.0,249.019,3717
2022-06-17,251.07,264.9,251.0,263.09,1342613.0,259.232,7653
2022-06-21,266.44,271.93,265.98,270.17,537670.0,269.952,3910
2022-06-22,266.96,276.0,266.43,272.31,529061.0,273.06,3758
2022-06-23,275.0,284.51,274.2,283.5,1898510.0,280.682,7460
2022-06-24,285.01,293.17,280.28,292.55,1421138.0,287.575,8432
2022-06-27,290.24,291.14,286.71,287.32,1088368.0,288.663,7893
2022-06-28,288.75,289.41,275.97,276.17,850472.0,279.966,6368
2022-06-29,275.83,282.29,275.83,280.35,720758.0,279.683,5182
2022-06-30,277.36,284.62,276.75,281.79,818892.0,281.115,6005
2022-07-01,280.01,287.86,279.42,287.32,791965.0,284.19,4913
2022-07-05,285.92,289.95,284.5,288.98,861880.0,287.447,5584
2022-07-06,290.14,293.62,288.27,291.16,1109230.0,291.389,7242
2022-07-07,289.77,294.96,287.79,294.17,769606.0,292.799,5579
2022-07-08,291.36,295.74,291.03,294.29,672665.0,293.825,4286
2022-07-11,294.0,296.85,288.0,294.07,745796.0,294.336,5760
2022-07-12,294.53,294.65,282.91,290.01,686498.0,288.613,5055
2022-07-13,288.11,294.6,287.88,288.73,449952.0,290.634,3383
2022-07-14,285.92,286.92,282.25,286.15,477051.0,284.67,3902
2022-07-15,286.08,293.53,284.93,292.84,713953.0,290.739,5132
2022-07-18,293.3,295.77,285.27,286.06,763805.0,290.395,4713
2022-07-19,290.0,290.13,286.02,289.6,544674.0,288.39,4112
2022-07-20,288.7,290.95,283.72,285.5,445314.0,286.801,3359
2022-07-21,285.99,286.96,281.07,283.11,482844.0,283.383,3803
2022-07-22,284.52,288.14,278.73,280.29,518575.0,282.039,3617
2022-07-25,282.0,283.84,278.89,283.68,582601.0,281.344,4454
2022-07-26,284.14,290.73,283.69,288.22,760489.0,287.66,4596
2022-07-27,286.27,288.21,280.77,286.99,467979.0,284.814,3419
2022-07-28,287.54,288.0,276.24,280.82,639874.0,281.199,4582
2022-07-29,281.8,282.42,275.65,280.41,585182.0,278.932,4278
2022-08-01,279.79,280.72,272.52,273.83,726680.0,275.868,5360
2022-08-02,275.82,278.25,273.0,273.86,460254.0,275.471,3246
2022-08-03,276.01,279.37,271.61,275.03,760468.0,276.081,5275
2022-08-04,277.19,278.15,272.93,274.85,1138516.0,274.889,7219
2022-08-05,273.11,288.7,272.1,288.03,1399816.0,283.83,9431
2022-08-08,289.08,296.95,288.65,293.95,931092.0,292.472,6382
2022-08-09,294.28,301.73,293.95,298.83,815364.0,298.923,5553
2022-08-10,301.2,301.8,295.11,295.77,589665.0,296.903,4502
2022-08-11,295.39,297.76,289.78,292.16,422310.0,293.335,3190
2022-08-12,292.87,295.66,292.12,294.52,344394.0,294.254,2543
2022-08-15,293.71,305.95,293.71,305.53,1053940.0,301.284,7424
2022-08-16,305.0,305.91,301.97,303.0,589954.0,303.941,3379
2022-08-17,300.04,302.82,298.79,299.23,430108.0,300.38,2954
2022-08-18,299.51,299.89,291.45,294.29,426437.0,294.101,3166
2022-08-19,293.23,300.26,292.11,299.04,503645.0,297.086,3042
2022-08-22,299.51,302.22,293.48,293.84,509373.0,296.664,3503
2022-08-23,292.19,295.0,282.67,286.25,694361.0,286.15,4919
2022-08-24,287.35,291.96,285.03,291.03,418864.0,290.151,3194
2022-08-25,292.73,293.0,288.24,291.22,248253.0,290.421,2075
2022-08-26,292.17,294.15,281.31,281.68,508987.0,286.499,3728
2022-08-29,278.75,284.62,277.2,281.6,477207.0,281.908,3587
2022-08-30,281.5,282.96,278.97,281.36,308964.0,281.139,2410
2022-08-31,281.86,286.71,281.12,281.76,385955.0,282.901,2877
2022-09-01,281.65,290.5,281.54,290.2,506087.0,286.893,3728
2022-09-02,290.23,292.0,279.5,281.04,453574.0,285.502,3239
2022-09-06,281.82,284.11,278.52,279.18,455563.0,280.397,3523
2022-09-07,279.89,286.08,277.93,284.44,435023.0,283.584,3107
2022-09-08,284.77,291.29,283.3,288.99,408923.0,288.111,3112
2022-09-09,288.98,292.93,286.51,292.11,721648.0,290.089,5151
2022-09-12,293.55,296.14,290.05,293.48,657436.0,293.516,4685
2022-09-13,291.2,292.95,280.02,280.67,476367.0,284.549,3578
2022-09-14,281.8,287.29,279.67,284.86,481465.0,283.909,3415
2022-09-15,285.91,288.15,282.04,287.67,383138.0,286.163,3044
2022-09-16,288.21,291.94,286.01,289.71,1036431.0,289.394,6489
2022-09-19,284.32,287.0,279.69,285.14,741593.0,283.881,5448
2022-09-20,284.38,288.47,282.47,286.94,536712.0,286.078,3865
2022-09-21,286.6,288.31,280.24,280.4,501029.0,284.962,4011
2022-09-22,278.4,288.92,277.67,286.34,635586.0,284.632,4997
2022-09-23,283.29,285.12,279.7,283.45,575316.0,282.483,4644
2022-09-26,282.57,285.33,276.57,276.78,778616.0,279.935,5858
2022-09-27,279.93,289.53,278.19,284.74,663415.0,285.002,4976
2022-09-28,288.84,293.84,286.02,292.41,790803.0,292.108,5669
2022-09-29,291.97,293.34,286.57,292.8,646103.0,290.745,4601
2022-09-30,293.01,294.62,289.17,289.54,769337.0,291.34,6151
2022-10-03,293.71,299.59,289.64,297.43,888972.0,296.883,6004
2022-10-04,299.85,303.05,295.87,300.64,641673.0,298.908,4502
2022-10-05,300.02,304.26,296.8,302.02,705876.0,301.289,4893
2022-10-06,300.0,302.9,297.42,298.63,577872.0,299.163,4043
2022-10-07,295.91,300.05,292.72,295.23,671987.0,296.679,5002
2022-10-10,295.45,296.59,291.5,294.54,292591.0,294.338,2329
2022-10-11,294.54,300.14,292.96,295.16,564606.0,296.643,4161
2022-10-12,295.45,295.64,289.91,290.13,362901.0,292.053,2861
2022-10-13,285.28,297.9,283.58,296.54,413562.0,292.458,3224
2022-10-14,298.07,300.94,292.7,293.21,386237.0,294.742,3046
2022-10-17,297.08,298.35,294.2,297.02,378984.0,296.543,2772
2022-10-18,300.21,303.29,296.46,300.17,467170.0,299.482,2995
2022-10-19,299.0,299.58,289.54,292.02,453192.0,292.397,3189
2022-10-20,292.03,295.55,289.18,290.16,437044.0,291.755,3209
2022-10-21,290.05,300.14,287.96,300.0,772371.0,296.33,5230
2022-10-24,302.74,312.27,302.5,310.5,1043960.0,309.253,6614
2022-10-25,312.0,315.37,308.15,309.21,937191.0,310.66,6575
2022-10-26,312.54,316.48,309.42,311.18,613174.0,312.698,4385
2022-10-27,310.71,311.5,287.2,287.89,2492862.0,291.058,17083
2022-10-28,302.0,314.49,294.31,313.89,1939629.0,305.411,13278
2022-10-31,310.35,314.09,308.41,312.0,692326.0,311.05,4878
2022-11-01,312.44,316.09,309.59,314.2,505952.0,313.766,3542
2022-11-02,314.47,318.38,309.44,310.01,715964.0,312.475,4930
2022-11-03,307.4,313.64,305.06,311.3,396153.0,311.444,3085
2022-11-04,311.63,312.6,304.04,308.82,515054.0,308.183,3842
2022-11-07,305.36,308.8,298.53,303.23,711160.0,302.674,5288
2022-11-08,303.09,311.68,300.31,306.5,627336.0,306.97,4807
2022-11-09,306.5,312.15,305.6,309.34,642028.0,310.008,4765
2022-11-10,315.12,316.18,302.73,311.03,1092151.0,307.561,7392
2022-11-11,308.89,309.8,288.83,303.26,1155278.0,297.843,8682
2022-11-14,305.11,311.57,303.87,306.03,740269.0,308.542,5618
2022-11-15,308.61,309.98,300.0,305.28,622658.0,304.649,4768
2022-11-16,306.55,308.75,304.58,305.44,344583.0,306.405,2713
2022-11-17,304.13,311.87,302.02,309.9,394515.0,308.869,3067
2022-11-18,311.62,315.54,311.13,314.63,541440.0,313.772,3466
2022-11-21,315.0,318.0,313.9,316.2,507814.0,315.978,3822
2022-11-22,317.35,322.26,313.06,321.48,703408.0,318.682,4795
2022-11-23,322.62,323.61,315.28,316.16,482707.0,319.027,3650
2022-11-25,315.17,317.03,312.01,312.98,317078.0,313.568,2497
2022-11-28,314.26,320.93,313.51,315.3,509684.0,317.261,4002
2022-11-29,315.69,317.21,312.47,316.33,622419.0,315.22,5161
2022-11-30,319.51,322.74,314.03,316.4,1182890.0,317.714,8342
2022-12-01,318.55,321.53,315.18,320.76,591769.0,319.332,4691
2022-12-02,317.4,322.45,316.88,321.37,437740.0,319.523,3213
2022-12-05,318.85,319.69,315.55,317.6,296208.0,317.502,2191
2022-12-06,316.44,317.28,310.04,311.81,347458.0,312.42,2726
2022-12-07,311.78,317.71,310.65,317.58,297831.0,314.667,2103
2022-12-08,317.55,324.75,316.95,321.32,489656.0,321.994,3184
2022-12-09,319.3,321.15,311.79,312.22,385116.0,314.804,2877
2022-12-12,315.18,315.41,311.14,314.19,725890.0,313.184,5155
2022-12-13,317.33,317.33,306.77,307.09,978102.0,309.341,7101
2022-12-14,305.86,314.8,304.52,312.09,695748.0,311.049,4994
2022-12-15,311.23,312.4,307.14,308.4,371309.0,308.814,2646
2022-12-16,305.46,307.66,302.85,304.8,964630.0,304.891,5633
2022-12-19,301.55,302.59,289.48,291.59,741180.0,293.163,5590
2022-12-20,291.91,296.0,291.29,293.23,612612.0,293.281,4731
2022-12-21,292.26,294.39,289.28,290.55,631445.0,291.601,4136
2022-12-22,290.36,294.34,288.19,293.92,500001.0,292.051,3889
2022-12-23,292.8,294.82,288.07,289.69,305229.0,290.378,2118
2022-12-27,290.67,291.0,285.99,287.32,274268.0,287.807,1942
2022-12-28,287.0,289.68,284.76,285.76,311531.0,286.689,2167
2022-12-29,287.22,291.73,285.8,289.08,380076.0,289.952,2837
2022-12-30,288.67,289.32,284.4,288.78,396800.0,286.518,3025
2023-01-03,288.61,289.06,283.5,286.02,450035.0,285.933,3022
2023-01-04,287.86,289.29,283.98,286.83,491205.0,286.236,3641
2023-01-05,284.33,290.17,283.9,287.89,450287.0,287.856,3510
2023-01-06,291.87,293.65,288.62,290.21,362810.0,291.864,2907
2023-01-09,290.09,291.66,282.21,283.23,611560.0,286.102,4580
2023-01-10,283.23,288.85,282.57,288.75,434893.0,286.634,3129
2023-01-11,289.87,292.89,286.89,292.25,765348.0,290.93,5335
2023-01-12,290.22,296.28,288.72,296.25,1010922.0,293.449,4617
2023-01-13,296.39,301.26,295.58,300.94,847067.0,299.451,5330
2023-01-17,303.2,312.35,302.62,311.98,1017830.0,310.196,7232
2023-01-18,311.8,312.66,307.06,309.86,1477011.0,309.199,8141
2023-01-19,310.03,311.54,302.52,307.94,815093.0,306.565,5617
2023-01-20,305.85,310.46,305.48,309.84,778951.0,308.714,4933
2023-01-23,309.85,312.43,308.53,311.81,934535.0,311.383,5348
2023-01-24,311.8,313.89,309.53,313.57,479009.0,312.1,2845
2023-01-25,314.36,315.33,312.0,315.28,632249.0,313.859,4033
2023-01-26,315.75,321.11,314.6,321.02,751120.0,319.15,4734
2023-01-27,321.0,323.67,319.58,321.45,673685.0,321.66,4595
2023-01-30,321.93,322.69,319.23,319.98,1422458.0,320.459,9933
2023-01-31,319.98,325.19,319.98,323.1,659850.0,323.396,4857
2023-02-01,321.5,323.1,312.58,317.27,576125.0,316.547,4358
2023-02-02,315.21,315.78,301.05,303.78,974266.0,305.132,7223
2023-02-03,304.92,306.4,300.75,301.02,786700.0,303.135,5660
2023-02-06,300.16,310.28,299.72,304.87,613765.0,305.793,4596
2023-02-07,303.59,309.44,302.24,308.54,570796.0,306.184,4010
2023-02-08,302.98,303.11,293.08,293.33,1112408.0,297.667,7409
2023-02-09,293.1,295.52,289.58,291.6,831064.0,292.45,5694
2023-02-10,291.95,298.49,290.17,297.4,647796.0,296.087,4674
2023-02-13,295.55,300.99,295.53,299.18,423796.0,298.789,3204
2023-02-14,297.47,301.35,295.0,300.25,542083.0,298.155,3273
2023-02-15,299.06,299.57,294.07,298.75,434487.0,296.641,2772
2023-02-16,296.17,298.39,291.49,292.04,441178.0,294.716,3184
2023-02-17,291.24,295.69,290.0,293.66,473282.0,293.59,2850
2023-02-21,290.76,295.84,290.64,292.48,489248.0,293.512,3410
2023-02-22,293.0,296.66,290.0,294.36,457791.0,294.323,3343
2023-02-23,293.91,296.26,290.72,292.57,344089.0,293.048,2351
2023-02-24,290.84,291.75,286.48,287.37,500322.0,288.539,3756
2023-02-27,286.99,290.05,285.31,287.4,423944.0,287.434,2879
2023-02-28,286.22,291.56,285.6,290.29,561144.0,289.576,3851
2023-03-01,289.06,292.6,287.16,291.23,516373.0,290.392,3775
2023-03-02,290.1,293.15,289.56,290.76,320695.0,290.734,2215
2023-03-03,290.52,291.2,287.51,290.51,477667.0,289.243,3831
2023-03-06,289.62,294.0,288.88,291.62,390376.0,291.641,3127
2023-03-07,291.85,291.85,285.27,286.58,433974.0,287.45,3464
2023-03-08,285.52,287.11,283.6,285.18,330524.0,285.275,2521
2023-03-09,288.3,289.21,284.57,286.88,441103.0,287.298,3552
2023-03-10,286.59,296.4,285.92,287.24,708990.0,290.507,5570
2023-03-13,288.31,296.75,288.31,293.46,717818.0,293.525,5067
2023-03-14,294.62,295.56,290.71,295.25,400532.0,294.086,3120
2023-03-15,295.22,296.22,291.85,294.27,314243.0,293.894,2556
2023-03-16,291.36,301.55,290.66,300.64,484682.0,298.223,3745
2023-03-17,300.06,301.23,293.4,295.77,616029.0,298.334,2749
2023-03-20,296.72,300.74,296.09,298.95,300467.0,298.534,2181
2023-03-21,301.0,303.44,299.64,302.66,413924.0,301.871,3320
2023-03-22,303.48,303.99,297.75,297.87,331103.0,301.254,2433
2023-03-23,301.95,305.47,300.67,304.75,619137.0,303.458,4125
2023-03-24,305.38,315.0,302.87,314.39,1388959.0,311.342,8577
2023-03-27,314.68,315.27,307.93,308.47,499022.0,310.923,3593
2023-03-28,310.7,313.33,309.43,313.25,557581.0,311.805,3738
2023-03-29,312.76,316.31,311.41,314.24,611841.0,314.343,3959
2023-03-30,314.27,315.56,310.9,312.16,351497.0,312.643,2629
2023-03-31,313.0,315.38,312.1,315.07,374867.0,313.796,2824
2023-04-03,315.0,318.0,313.55,316.33,367949.0,316.612,2882
2023-04-04,315.08,318.85,313.47,314.42,374795.0,315.339,2911
2023-04-05,316.4,322.1,314.33,321.94,478208.0,319.75,3515
2023-04-06,321.73,324.65,321.13,321.66,329783.0,322.567,2500
2023-04-10,320.48,323.45,318.02,323.24,270517.0,321.255,1989
2023-04-11,323.68,324.97,321.4,324.83,257190.0,323.884,1912
2023-04-12,324.51,327.98,323.98,326.37,444495.0,326.575,3136
2023-04-13,326.75,334.09,326.01,333.35,669378.0,330.49,4374
2023-04-14,332.83,334.18,331.36,333.52,476129.0,332.76,2409
2023-04-17,335.28,335.29,327.09,327.74,444400.0,329.344,3638
2023-04-18,326.91,328.0,323.38,325.15,402587.0,325.044,3065
2023-04-19,326.79,330.15,325.19,328.45,354407.0,328.063,2800
2023-04-20,327.75,330.47,326.68,329.15,292326.0,328.715,2282
2023-04-21,330.7,335.28,330.25,331.09,421659.0,332.654,2719
2023-04-24,330.91,333.86,329.84,332.84,236366.0,332.589,1769
2023-04-25,334.5,336.25,331.18,331.93,336224.0,333.367,2443
2023-04-26,326.5,327.23,316.43,323.3,863704.0,321.655,5864
2023-04-27,324.51,340.22,324.49,339.37,1346158.0,334.719,9480
2023-04-28,338.5,346.29,338.35,340.73,780660.0,342.346,5143
2023-05-01,340.22,345.69,339.78,345.0,784003.0,343.629,5666
2023-05-02,345.0,354.46,344.39,346.03,1101768.0,348.525,6475
2023-05-03,347.58,352.23,342.34,346.36,621507.0,348.454,4525
2023-05-04,347.97,349.13,345.01,346.59,454201.0,346.845,3576
2023-05-05,346.72,350.54,345.01,348.09,522375.0,348.305,3513
2023-05-08,347.62,347.93,340.79,344.09,306852.0,344.203,2328
2023-05-09,343.29,346.49,342.66,344.83,440859.0,344.318,3419
2023-05-10,348.0,352.47,346.17,350.04,562013.0,350.448,4088
2023-05-11,350.91,351.6,347.34,350.4,318985.0,348.745,2482
2023-05-12,350.91,351.98,345.8,347.41,187435.0,348.311,1414
2023-05-15,348.0,351.74,347.03,348.65,284085.0,348.809,2233
2023-05-16,347.73,347.93,342.06,345.15,393141.0,344.601,2801
2023-05-17,343.9,345.46,334.27,341.2,453863.0,341.235,3479
2023-05-18,341.1,341.1,336.35,339.46,482664.0,338.642,3509
2023-05-19,342.1,345.64,338.09,341.7,348996.0,341.862,2377
2023-05-22,344.06,346.0,337.95,339.97,440591.0,339.903,3542
2023-05-23,340.5,340.5,332.08,333.51,602145.0,334.042,4663
2023-05-24,335.77,336.57,331.05,333.85,451318.0,334.221,3692
2023-05-25,330.92,333.99,327.59,332.63,449921.0,331.462,3674
2023-05-26,328.99,331.78,325.82,329.99,914799.0,329.476,6897
2023-05-30,329.62,330.07,321.61,325.3,944363.0,324.074,7221
2023-05-31,327.13,328.65,321.7,323.57,1071372.0,324.535,7441
2023-06-01,324.47,324.58,320.01,323.62,656448.0,322.189,4896
2023-06-02,323.0,334.53,322.24,333.78,720176.0,330.472,5736
2023-06-05,333.57,335.24,332.0,334.42,526652.0,334.222,4083
2023-06-06,337.98,337.98,328.85,330.41,555557.0,332.227,3741
2023-06-07,329.13,332.0,324.04,324.65,467931.0,326.974,3608
2023-06-08,323.51,334.08,323.02,332.58,618128.0,329.893,4444
2023-06-09,333.52,335.0,328.61,334.11,507684.0,333.51,3656
2023-06-12,335.91,341.08,331.87,340.6,674199.0,337.494,4443
2023-06-13,340.55,344.4,339.2,342.1,483005.0,341.968,3415
2023-06-14,342.21,342.63,338.2,340.96,329772.0,340.49,2294
2023-06-15,344.2,349.79,341.19,349.08,499278.0,347.201,3632
2023-06-16,350.0,352.19,347.01,347.89,1299966.0,348.944,4915
2023-06-20,350.37,350.39,342.3,342.69,445729.0,344.394,3182
2023-06-21,343.58,345.84,341.25,343.28,499676.0,343.833,3301
2023-06-22,344.08,348.59,342.03,348.16,494686.0,345.487,3248
2023-06-23,347.25,347.88,342.45,347.0,596593.0,345.425,3649
2023-06-26,351.0,351.93,341.9,347.45,777449.0,346.907,4834
2023-06-27,348.08,350.08,342.63,347.12,589766.0,345.302,3409
2023-06-28,348.0,351.94,345.03,350.78,451606.0,349.325,3430
2023-06-29,349.91,352.77,347.7,348.18,507948.0,349.536,3177
2023-06-30,350.06,354.94,349.57,351.91,553704.0,352.108,4473
2023-07-03,348.77,348.84,343.84,347.57,317531.0,346.279,2453
2023-07-05,347.57,349.99,343.11,348.32,394740.0,347.323,2933
2023-07-06,347.0,347.92,344.52,345.76,323876.0,346.0,1996
2023-07-07,345.21,345.66,335.82,338.18,402189.0,339.455,3165
2023-07-10,339.02,346.69,339.02,344.46,400659.0,344.358,3307
2023-07-11,342.63,344.79,340.02,341.74,377790.0,341.531,3209
2023-07-12,342.23,347.63,341.91,346.06,248528.0,346.087,2014
2023-07-13,347.53,349.97,346.09,349.02,289022.0,348.548,2315
2023-07-14,348.84,353.4,348.18,352.74,441144.0,351.51,3540
2023-07-17,351.74,359.34,351.63,357.98,502392.0,357.011,4015
2023-07-18,356.32,359.33,353.49,358.98,356879.0,356.95,2769
2023-07-19,360.0,365.53,358.45,358.57,453095.0,361.463,3288
2023-07-20,360.7,365.56,360.27,361.82,432551.0,363.703,3237
2023-07-21,364.44,367.0,361.41,362.46,818949.0,363.359,5578
2023-07-24,361.82,362.86,355.71,357.05,510553.0,358.085,3894
2023-07-25,355.0,358.47,352.52,358.06,495948.0,356.753,3449
2023-07-26,356.26,356.26,349.54,351.91,524292.0,351.712,4209
2023-07-27,352.38,352.9,348.67,349.64,390047.0,350.625,2922
2023-07-28,350.32,355.13,348.89,354.05,253066.0,353.104,1911
2023-07-31,353.42,353.6,350.36,352.34,237293.0,351.848,1894
2023-08-01,351.17,352.47,345.69,347.74,650364.0,348.05,5090
2023-08-02,350.0,360.98,344.23,358.4,1134267.0,355.778,8201
2023-08-03,354.71,356.84,347.08,347.74,535135.0,350.448,4032
2023-08-04,347.74,348.94,340.2,340.48,619377.0,343.826,5200
2023-08-07,342.67,346.43,340.68,345.32,469161.0,344.348,3717
2023-08-08,347.52,349.84,343.29,344.47,291479.0,345.412,2317
2023-08-09,345.51,347.69,342.7,345.11,279439.0,344.853,2113
2023-08-10,345.41,350.71,345.36,347.38,265400.0,348.603,1900
2023-08-11,347.91,350.52,346.81,349.86,214894.0,349.208,1602
2023-08-14,348.77,351.93,348.0,349.37,237365.0,349.836,1827
2023-08-15,349.37,351.83,348.02,349.78,186201.0,350.097,1419
2023-08-16,349.07,350.43,342.63,343.41,254897.0,345.035,2041
2023-08-17,344.21,345.63,342.27,343.87,433520.0,343.797,3169
2023-08-18,343.6,347.44,342.41,344.82,327560.0,344.98,2321
2023-08-21,344.77,351.23,344.44,350.74,352499.0,348.637,2668
2023-08-22,349.91,352.63,348.24,350.4,246564.0,350.8,1926
2023-08-23,354.48,355.9,350.2,350.6,157639.0,351.967,1119
2023-08-24,351.29,352.77,346.56,346.77,225918.0,348.739,1806
2023-08-25,347.94,350.87,345.36,350.06,233032.0,349.008,1720
2023-08-28,352.41,353.17,350.0,351.6,205168.0,351.433,1500
2023-08-29,350.46,353.18,349.11,351.26,384675.0,350.55,2999
2023-08-30,353.17,354.6,349.89,350.76,228134.0,351.409,1693
2023-08-31,350.07,350.66,346.56,348.34,286509.0,348.653,2352
2023-09-01,352.31,352.74,350.18,351.1,219966.0,351.524,1618
2023-09-05,352.66,353.42,347.5,348.26,285438.0,349.703,2095
2023-09-06,347.82,347.98,340.83,344.32,572737.0,343.236,2798
2023-09-07,345.77,348.56,343.74,343.96,688914.0,346.146,4057
2023-09-08,344.3,347.35,342.06,343.05,687661.0,344.828,4162
2023-09-11,343.42,348.85,343.04,347.22,224299.0,347.179,1787
2023-09-12,348.27,348.99,345.36,346.55,206946.0,346.564,1661
2023-09-13,346.01,349.51,345.53,346.84,190598.0,347.702,1595
2023-09-14,347.49,351.21,346.56,349.42,283927.0,349.468,2000
2023-09-15,351.26,352.75,348.07,348.9,717171.0,350.662,3199
2023-09-18,349.75,352.83,347.2,352.0,287416.0,351.016,2165
2023-09-19,350.58,358.51,350.5,358.26,345349.0,355.64,2471
2023-09-20,358.59,358.59,352.18,352.31,419691.0,355.256,2887
2023-09-21,351.11,355.95,350.25,354.28,480117.0,354.33,3024
2023-09-22,351.76,355.25,348.41,349.53,437539.0,351.948,2513
2023-09-25,350.0,350.8,344.62,350.67,293164.0,348.903,2340
2023-09-26,350.0,352.54,349.16,351.69,213680.0,351.202,1508
2023-09-27,351.16,352.91,347.52,349.65,260897.0,349.743,1963
2023-09-28,351.14,354.52,350.62,352.5,203917.0,352.556,1637
2023-09-29,351.94,354.18,347.26,347.74,277524.0,349.631,1956
2023-10-02,346.76,348.07,342.62,347.83,264109.0,345.802,2087
2023-10-03,345.28,347.79,341.85,345.15,321398.0,344.341,2559
2023-10-04,346.72,353.7,345.1,352.97,357586.0,350.253,2842
2023-10-05,353.38,355.77,351.23,355.14,239023.0,354.048,1623
2023-10-06,354.61,362.99,352.24,360.62,499732.0,359.019,3696
2023-10-09,361.22,363.48,353.62,355.2,719012.0,357.046,5197
2023-10-10,354.46,362.4,352.62,360.57,420384.0,359.108,3138
2023-10-11,361.46,365.27,359.14,365.25,547076.0,362.537,3590
2023-10-12,366.37,370.64,365.53,368.0,721693.0,367.86,4514
2023-10-13,368.57,372.78,367.18,371.0,742642.0,370.023,4807
2023-10-16,372.12,374.45,371.05,374.0,1072553.0,372.694,5505
2023-10-17,373.4,375.93,372.57,373.5,1048348.0,373.621,6799
2023-10-18,372.92,375.65,366.68,367.55,734638.0,369.885,4641
2023-10-19,367.55,369.67,361.72,364.8,838813.0,364.985,5739
2023-10-20,365.96,367.48,361.59,361.86,674239.0,364.122,4506
2023-10-23,363.25,368.15,360.46,367.66,657452.0,364.961,5072
2023-10-24,365.93,371.02,364.58,369.38,451677.0,368.192,3415
2023-10-25,369.27,370.0,360.91,363.04,400045.0,363.937,3033
2023-10-26,362.03,365.66,360.02,361.28,402050.0,362.381,3021
2023-10-27,360.61,362.31,353.76,355.28,340723.0,357.236,2406
2023-10-30,357.15,358.97,355.58,357.45,385792.0,357.309,2816
2023-10-31,355.92,363.1,353.13,362.11,442330.0,359.269,3151
2023-11-01,364.95,370.71,363.22,369.33,441178.0,367.169,3168
2023-11-02,370.23,376.84,367.73,376.55,456993.0,373.874,3626
2023-11-03,379.64,381.0,375.85,376.2,690364.0,377.872,5119
2023-11-06,379.58,387.42,379.27,385.76,1004561.0,384.939,7489
2023-11-07,377.38,385.48,370.18,378.25,991618.0,379.155,7454
2023-11-08,380.78,380.78,371.77,376.96,551833.0,375.08,4113
2023-11-09,377.33,377.74,367.02,368.57,560902.0,369.756,4160
2023-11-10,372.79,375.88,369.57,373.65,451642.0,373.474,3445
2023-11-13,372.81,379.09,371.75,378.92,450767.0,375.949,2962
2023-11-14,380.37,381.59,369.33,369.95,588373.0,374.192,4451
2023-11-15,369.92,370.07,348.54,349.34,1582039.0,355.089,11174
2023-11-16,350.65,352.06,341.9,343.0,1599398.0,345.31,10305
2023-11-17,346.26,351.62,342.64,350.5,862548.0,347.748,4989
2023-11-20,349.76,357.41,349.32,356.84,537651.0,355.164,3611
2023-11-21,357.9,358.21,351.32,354.78,520944.0,354.209,3290
2023-11-22,357.06,358.5,350.02,353.23,365043.0,353.158,2647
2023-11-24,354.95,355.41,350.44,353.04,333543.0,352.091,2423
2023-11-27,353.95,354.45,349.16,350.19,593157.0,350.535,3663
2023-11-28,350.32,353.03,346.28,347.04,440430.0,348.229,3059
2023-11-29,347.26,353.6,346.68,351.0,723807.0,351.882,4480
2023-11-30,352.79,355.37,350.19,354.81,454502.0,353.284,2939
2023-12-01,355.11,356.71,350.22,351.16,532391.0,353.107,3971
2023-12-04,349.0,352.9,347.51,350.63,578946.0,349.761,4580
2023-12-05,349.53,355.16,349.53,354.15,533394.0,353.292,3695
2023-12-06,355.28,356.33,351.11,353.46,505656.0,353.799,3997
2023-12-07,353.46,355.19,349.28,353.95,347530.0,353.475,1982
2023-12-08,354.0,354.35,348.46,350.15,627791.0,350.723,4551
2023-12-11,352.58,357.52,351.44,356.29,535618.0,354.846,4009
2023-12-12,360.0,361.8,355.66,357.73,251093.0,357.696,1686
2023-12-13,373.49,406.0,372.79,405.07,3473214.0,392.94,19337
2023-12-14,404.09,406.86,396.15,406.6,1640678.0,402.094,9906
2023-12-15,408.16,411.6,400.51,410.68,1620854.0,407.092,7073
2023-12-18,411.74,413.0,400.23,404.65,753850.0,404.249,4629
2023-12-19,399.7,403.75,395.01,403.14,644220.0,401.478,4167
2023-12-20,404.0,405.99,400.08,400.25,282323.0,403.159,2040
2023-12-21,404.11,404.31,398.21,400.63,234024.0,400.564,1617
2023-12-22,403.59,406.91,402.35,405.25,252262.0,404.92,1694
2023-12-26,406.97,408.52,404.48,407.66,187786.0,406.639,1142
2023-12-27,408.65,409.0,405.58,408.05,207781.0,407.385,1389
2023-12-28,411.26,412.57,409.0,409.27,322926.0,410.345,2210
2023-12-29,409.0,409.62,406.07,406.89,196730.0,407.485,1547
2024-01-02,405.0,412.26,403.43,410.91,511883.0,409.565,3494
2024-01-03,412.73,414.43,408.05,410.71,362973.0,410.324,2520
2024-01-04,411.11,418.71,411.11,416.15,754793.0,416.073,5297
2024-01-05,415.01,418.52,414.41,416.5,427637.0,416.279,2889
2024-01-08,416.07,419.28,412.85,419.12,482610.0,415.886,3244
2024-01-09,418.69,422.0,415.63,421.01,462715.0,419.602,2853
2024-01-10,419.89,424.55,418.52,423.76,474058.0,421.548,3073
2024-01-11,422.72,431.11,422.58,430.08,680395.0,428.198,4682
2024-01-12,432.49,434.85,431.14,433.4,540829.0,433.115,3454
2024-01-16,431.78,438.03,430.46,437.49,883121.0,435.314,4125
2024-01-17,437.95,439.77,432.18,433.76,690285.0,435.556,2998
2024-01-18,431.59,434.88,425.41,432.98,537754.0,430.878,3135
2024-01-19,433.74,435.19,429.68,435.02,984095.0,433.569,3922
2024-01-22,437.57,443.82,437.57,440.11,525981.0,441.11,3251
2024-01-23,440.01,441.57,436.31,439.7,299557.0,438.679,2252
2024-01-24,436.93,437.39,424.34,427.56,744038.0,428.232,5257
2024-01-25,428.06,431.35,427.06,429.96,480663.0,429.782,3128
2024-01-26,431.03,432.19,428.14,430.17,362493.0,430.389,2316
2024-01-29,431.33,436.11,429.35,435.82,325963.0,432.841,1951
2024-01-30,430.0,448.4,429.68,446.08,1834286.0,439.666,8998
2024-01-31,441.57,444.07,430.12,433.38,1519675.0,433.805,9410
2024-02-01,434.0,435.91,431.0,433.87,551959.0,433.594,4113
2024-02-02,430.0,431.29,424.31,424.68,870806.0,426.308,6283
2024-02-05,425.63,430.93,421.9,428.89,642326.0,427.82,4838
2024-02-06,428.76,430.99,410.8,416.13,2711260.0,418.529,15507
2024-02-07,416.74,426.73,416.74,419.08,965633.0,421.42,6268
2024-02-08,420.28,424.48,417.14,423.06,663157.0,421.47,4238
2024-02-09,425.96,425.96,419.51,422.91,484130.0,422.744,3056
2024-02-12,420.24,421.3,415.28,418.53,635636.0,417.647,3685
2024-02-13,417.36,419.42,412.77,416.04,425078.0,415.629,3198
2024-02-14,418.38,420.45,414.26,417.88,419533.0,416.836,2765
2024-02-15,419.16,427.41,418.61,426.29,732923.0,424.626,4422
2024-02-16,427.04,427.04,420.97,422.2,369113.0,423.293,2300
2024-02-20,420.62,425.0,416.16,420.64,374589.0,420.119,2444
2024-02-21,421.77,424.0,414.8,419.63,310024.0,419.091,2172
2024-02-22,419.85,429.81,419.85,426.78,368564.0,425.237,2585
2024-02-23,430.0,434.5,429.07,430.11,242456.0,431.739,1716
2024-02-26,425.7,434.26,425.7,433.48,330693.0,431.315,2062
2024-02-27,434.13,437.0,430.52,430.92,336819.0,432.257,2675
2024-02-28,429.76,433.49,425.71,426.97,288834.0,428.52,2068
2024-02-29,429.18,429.18,420.24,420.74,428783.0,422.782,3018
2024-03-01,423.33,433.67,422.95,432.76,392009.0,430.834,2857
2024-03-04,431.76,433.99,422.16,424.03,396249.0,426.244,2615
2024-03-05,424.87,425.49,414.04,415.44,419418.0,417.073,3361
2024-03-06,414.23,418.22,410.46,411.85,536220.0,412.861,3950
2024-03-07,415.15,418.32,410.23,410.54,366019.0,412.633,2521
2024-03-08,412.34,416.25,410.94,413.59,325680.0,413.775,2150
2024-03-11,414.0,416.71,409.52,414.47,667565.0,412.319,3043
2024-03-12,413.0,416.11,409.02,412.45,302446.0,413.065,2200
2024-03-13,414.46,415.92,410.39,413.2,249996.0,413.07,1859
2024-03-14,414.02,414.98,407.08,408.77,372025.0,409.541,2387
2024-03-15,410.47,411.64,406.97,407.69,547222.0,408.854,1827
2024-03-18,410.49,415.5,409.24,411.38,275146.0,412.677,1853
2024-03-19,412.51,415.7,411.1,415.2,226305.0,413.962,1688
2024-03-20,414.33,414.51,409.02,412.11,299943.0,412.171,1969
2024-03-21,415.61,419.26,414.0,415.71,306734.0,416.93,1576
2024-03-22,417.75,417.75,412.19,415.66,267327.0,414.763,1733
2024-03-25,415.66,418.28,414.96,416.03,233212.0,416.76,1793
2024-03-26,417.38,419.55,414.86,418.46,366473.0,417.807,2584
2024-03-27,420.3,420.42,412.65,417.32,334367.0,416.216,2563
2024-03-28,419.48,420.67,415.06,418.01,407157.0,418.765,2818
2024-04-01,420.43,421.45,414.74,420.48,287225.0,418.311,2152
2024-04-02,419.0,420.87,406.73,409.42,329655.0,410.506,1991
2024-04-03,409.56,414.96,408.24,408.81,246761.0,411.044,1619
2024-04-04,412.64,412.64,403.15,404.01,351059.0,408.051,2060
2024-04-05,404.29,409.93,400.83,406.67,238178.0,406.645,1720
2024-04-08,403.45,404.6,399.0,404.22,283893.0,403.202,1780
2024-04-09,406.0,406.45,399.3,404.48,264049.0,402.369,1871
2024-04-10,400.47,401.0,394.81,397.58,367188.0,397.068,2629
2024-04-11,404.3,404.69,398.85,400.23,444943.0,401.35,2915
2024-04-12,396.57,400.14,393.76,396.55,385871.0,396.081,2698
2024-04-15,400.0,402.49,396.69,397.36,618562.0,398.926,4263
2024-04-16,396.88,398.49,392.81,394.17,237424.0,395.028,1790
2024-04-17,396.93,398.11,392.03,393.1,325132.0,394.363,1999
2024-04-18,394.19,396.14,391.01,393.48,396049.0,393.759,2566
2024-04-19,394.86,396.98,391.25,394.28,512777.0,394.447,3501
2024-04-22,397.3,406.34,396.0,399.92,539678.0,401.438,4078
2024-04-23,404.0,406.86,403.47,404.91,331812.0,405.156,2302
2024-04-24,404.5,406.83,399.29,400.76,237350.0,402.26,1789
2024-04-25,402.44,403.88,393.0,397.7,311881.0,397.551,2355
2024-04-26,393.52,399.68,393.49,397.48,192563.0,397.41,1389
2024-04-29,397.48,399.31,394.35,396.2,165202.0,396.822,1219
2024-04-30,396.2,396.69,391.7,392.81,554317.0,393.67,4097
2024-05-01,392.81,406.95,392.47,402.14,444951.0,399.982,3275
2024-05-02,402.95,404.07,398.46,400.16,447861.0,401.108,3020
2024-05-03,401.5,405.67,397.59,401.08,455929.0,401.159,3267
2024-05-06,402.77,407.59,401.02,402.5,702064.0,403.264,4737
2024-05-07,406.89,415.67,394.03,410.24,726646.0,408.03,5186
2024-05-08,413.33,425.65,412.12,418.82,791946.0,420.876,6132
2024-05-09,419.0,421.18,416.03,418.99,267549.0,418.611,1968
2024-05-10,420.32,423.32,417.5,422.78,461282.0,421.212,2840
2024-05-13,425.99,430.52,424.56,429.93,371586.0,428.03,2711
2024-05-14,428.98,429.93,422.44,428.59,317254.0,426.433,2383
2024-05-15,430.93,439.26,428.62,437.49,428008.0,436.126,3364
2024-05-16,434.94,441.66,432.22,440.64,412843.0,438.336,3062
2024-05-17,442.0,446.1,440.34,445.21,528716.0,443.715,3197
2024-05-20,444.72,447.85,442.98,445.87,295352.0,446.499,2040
2024-05-21,446.0,446.39,437.46,442.0,356422.0,440.785,2287
2024-05-22,442.54,449.91,441.4,447.53,500470.0,447.328,2684
2024-05-23,449.58,453.71,446.67,450.8,714952.0,450.366,4239
2024-05-24,451.22,457.66,449.42,456.95,421835.0,455.672,2853
2024-05-28,454.38,454.79,445.22,446.88,727149.0,447.948,4095
2024-05-29,445.56,448.21,440.56,441.13,337916.0,442.726,2369
2024-05-30,439.11,443.25,435.57,443.05,371907.0,440.101,2621
2024-05-31,444.74,456.91,443.47,455.34,766012.0,452.219,4418
2024-06-03,455.0,471.39,453.73,470.18,930057.0,466.308,5628
2024-06-04,471.57,477.31,467.37,474.95,464824.0,471.936,3291
2024-06-05,475.26,484.45,474.16,483.04,450372.0,480.775,3268
2024-06-06,484.41,485.85,479.02,485.53,617350.0,482.648,4271
2024-06-07,484.45,486.43,480.1,483.04,396281.0,484.058,2671
2024-06-10,480.18,485.4,478.51,483.28,640168.0,481.847,3709
2024-06-11,481.82,483.23,478.38,481.53,338752.0,481.178,2490
2024-06-12,478.06,481.71,473.5,475.79,516493.0,477.248,3576
2024-06-13,473.5,481.35,472.61,479.03,237403.0,478.462,1764
2024-06-14,477.73,483.53,477.73,480.73,219584.0,481.219,1444
2024-06-17,478.41,479.15,473.11,473.69,458228.0,476.119,3525
2024-06-18,473.4,476.37,466.51,467.28,441557.0,470.084,3452
2024-06-20,466.18,473.28,463.23,471.38,664020.0,468.381,4428
2024-06-21,464.39,472.56,464.39,468.71,872395.0,466.657,3547
2024-06-24,472.72,477.56,468.12,474.95,405392.0,473.568,2934
2024-06-25,478.3,483.93,471.31,473.82,493871.0,475.349,3397
2024-06-26,471.72,481.14,469.94,474.0,322763.0,474.932,2430
2024-06-27,476.77,477.84,472.11,472.51,252730.0,474.645,1981
2024-06-28,473.15,477.31,467.67,468.72,520441.0,472.283,3672
2024-07-01,467.94,478.96,467.85,471.25,382807.0,472.925,2800
2024-07-02,469.76,477.93,467.41,473.78,234678.0,473.949,1818
2024-07-03,477.52,477.52,466.01,470.28,328463.0,471.171,2251
2024-07-05,472.14,476.57,471.76,474.57,242050.0,474.202,1755
2024-07-08,473.39,483.0,471.82,481.89,254000.0,480.012,1960
2024-07-09,485.0,487.95,480.47,485.99,286627.0,485.162,1973
2024-07-10,487.34,491.76,485.77,491.62,268255.0,489.265,1927
2024-07-11,491.33,495.23,489.01,492.13,331804.0,491.859,2406
2024-07-12,496.06,496.71,488.44,488.74,277584.0,491.319,1984
2024-07-15,488.44,494.39,485.86,490.85,292651.0,491.868,2288
2024-07-16,493.19,496.93,488.09,488.98,207782.0,491.381,1524
2024-07-17,489.95,493.49,478.78,488.37,766581.0,486.219,5070
2024-07-18,488.37,493.28,486.2,488.12,770576.0,489.346,5019
2024-07-19,490.5,495.79,489.07,491.57,592459.0,491.851,3371
2024-07-22,496.08,498.77,491.52,495.91,409539.0,494.824,2673
2024-07-23,494.69,495.35,487.98,490.32,342617.0,492.533,2253
2024-07-24,488.46,491.99,486.25,490.8,261455.0,490.144,1981
2024-07-25,494.0,503.99,490.7,492.26,385123.0,495.134,2588
2024-07-26,493.91,502.97,492.16,495.26,279842.0,498.564,2209
2024-07-29,495.12,501.57,493.85,498.15,234112.0,498.468,1606
2024-07-30,499.7,506.15,498.6,502.6,380213.0,502.132,2769
2024-07-31,507.04,507.8,495.29,495.72,495531.0,499.874,3590
2024-08-01,495.85,510.64,495.85,505.78,733526.0,505.592,5170
2024-08-02,491.5,508.65,491.0,494.46,607789.0,496.413,4017
2024-08-05,471.37,483.81,463.38,476.91,1076974.0,476.419,6843
2024-08-06,474.01,481.7,472.8,474.29,554510.0,476.857,4329
2024-08-07,476.75,477.9,465.45,465.89,695624.0,468.241,4541
2024-08-08,466.29,472.66,463.82,465.96,682092.0,467.076,4062
2024-08-09,465.05,469.43,462.13,468.45,282136.0,466.875,2126
2024-08-12,467.64,467.64,462.28,464.51,350352.0,464.42,2366
2024-08-13,463.65,469.27,458.04,467.59,444515.0,464.89,3215
2024-08-14,464.55,471.96,463.51,471.44,378874.0,469.566,2448
2024-08-15,471.44,475.29,468.65,472.0,683701.0,472.259,3371
2024-08-16,474.03,477.67,469.91,477.37,466176.0,473.425,1847
2024-08-19,477.01,488.39,476.0,488.05,344823.0,483.859,2438
2024-08-20,488.72,491.13,483.53,487.37,411108.0,486.657,2834
2024-08-21,489.27,491.88,485.97,486.11,302398.0,487.731,2216
2024-08-22,486.47,488.44,479.71,479.89,421737.0,482.568,2573
2024-08-23,482.39,486.77,481.19,481.24,416576.0,483.036,2594
2024-08-26,482.03,485.0,481.46,482.64,388119.0,483.002,2517
2024-08-27,482.76,483.45,476.38,480.3,338992.0,478.985,2236
2024-08-28,481.89,493.94,480.04,489.73,339137.0,489.629,2174
2024-08-29,491.19,497.5,487.93,493.35,251132.0,493.4,1749
2024-08-30,495.67,500.25,492.29,495.89,363684.0,496.607,2393
2024-09-03,493.4,493.4,474.58,475.7,598319.0,479.822,4288
2024-09-04,476.82,480.14,472.83,478.57,280819.0,476.771,2087
2024-09-05,477.73,477.73,463.41,468.57,292149.0,467.466,2201
2024-09-06,467.92,471.89,463.04,468.0,408732.0,468.345,2371
2024-09-09,472.23,473.68,468.96,471.11,263140.0,471.488,2004
2024-09-10,471.53,473.11,466.03,470.78,240691.0,469.695,1718
2024-09-11,469.07,476.11,460.69,474.74,309315.0,468.554,2235
2024-09-12,474.74,479.51,468.46,478.65,243269.0,475.693,1832
2024-09-13,480.0,486.06,478.75,485.37,277713.0,483.078,2031
2024-09-16,490.0,490.15,483.95,489.43,237325.0,487.943,1678
2024-09-17,486.42,487.24,477.17,481.26,674319.0,480.622,3561
2024-09-18,483.34,483.78,473.75,474.16,295997.0,478.092,2314
2024-09-19,477.7,483.98,476.26,477.9,405895.0,479.394,2641
2024-09-20,474.36,474.93,463.81,464.92,710547.0,469.897,3532
2024-09-23,464.92,465.75,458.55,460.0,360052.0,461.314,2936
2024-09-24,459.59,466.09,456.07,462.99,395183.0,463.465,2700
2024-09-25,463.09,464.88,458.53,461.76,291714.0,461.2,1909
2024-09-26,462.08,465.32,458.1,463.15,278537.0,462.033,1672
2024-09-27,465.31,467.57,461.49,462.88,232297.0,464.131,1521
2024-09-30,463.16,467.57,461.41,465.08,232607.0,464.36,1545
2024-10-01,472.0,472.31,461.36,469.76,377401.0,467.572,2400
2024-10-02,464.15,468.07,460.55,462.14,337410.0,462.792,2413
2024-10-03,460.7,462.13,452.26,453.55,405762.0,455.965,2675
2024-10-04,456.14,458.14,452.62,455.31,276903.0,454.816,1579
2024-10-07,454.17,454.36,447.7,448.6,264255.0,450.561,1808
2024-10-08,452.03,459.87,451.1,458.94,344592.0,456.0,2350
2024-10-09,460.0,468.16,456.16,467.97,331437.0,464.031,2458
2024-10-10,467.49,477.0,464.84,476.15,494097.0,472.308,2961
2024-10-11,478.53,482.89,475.87,481.71,415965.0,479.34,2705
2024-10-14,481.64,487.09,478.9,484.82,295847.0,483.238,2134
2024-10-15,487.01,488.0,480.79,484.3,664629.0,483.509,3044
2024-10-16,482.33,488.48,480.7,487.25,316212.0,485.045,1622
2024-10-17,490.0,499.09,487.96,498.73,404702.0,495.857,2688
2024-10-18,497.48,498.63,480.79,483.0,751998.0,486.782,3905
2024-10-21,483.34,487.88,477.66,478.09,231345.0,482.645,1537
2024-10-22,479.43,482.87,473.58,474.91,443479.0,475.656,2274
2024-10-23,474.47,477.47,464.78,470.05,470473.0,468.224,2259
2024-10-24,473.35,477.84,471.87,471.91,232265.0,473.812,1563
2024-10-25,476.86,480.41,475.04,477.7,305210.0,478.684,2245
2024-10-28,477.95,478.32,474.68,476.37,173759.0,476.232,1169
2024-10-29,476.33,478.06,469.62,470.36,349023.0,472.398,1879
2024-10-30,470.44,475.46,468.47,475.08,264210.0,472.244,1562
2024-10-31,471.58,477.7,468.98,475.98,528321.0,474.984,2998
2024-11-01,471.06,475.73,463.14,471.12,504239.0,470.817,3491
2024-11-04,473.29,475.48,468.77,472.8,542390.0,471.433,3545
2024-11-05,483.0,503.21,474.0,499.88,699603.0,494.457,4807
2024-11-06,505.35,506.65,485.29,493.64,633933.0,491.99,3924
2024-11-07,493.7,504.31,486.64,502.45,332709.0,498.532,2194
2024-11-08,507.17,519.88,504.94,516.74,519460.0,515.428,2821
2024-11-11,518.27,518.35,500.13,501.72,509517.0,508.593,3103
2024-11-12,503.92,508.04,489.02,490.0,396543.0,495.581,2691
2024-11-13,491.68,498.25,491.03,494.61,303405.0,494.78,1989
2024-11-14,495.62,496.33,483.55,483.96,364975.0,489.011,2793
2024-11-15,478.56,479.94,458.1,465.7,1150874.0,463.183,6853
2024-11-18,465.19,468.88,458.05,467.01,387769.0,465.713,2959
2024-11-19,462.8,463.9,447.14,448.01,1240882.0,453.311,5861
2024-11-20,449.08,451.77,445.38,451.23,768435.0,448.894,5128
2024-11-21,454.24,455.43,445.0,450.37,717992.0,448.947,4187
2024-11-22,454.3,457.54,449.04,450.97,592914.0,452.297,4351
2024-11-25,456.58,462.95,455.82,461.71,488762.0,459.728,3263
2024-11-26,464.0,467.96,459.07,467.07,715850.0,463.68,2954
2024-11-27,464.81,470.43,462.01,464.56,430448.0,465.565,2574
2024-11-29,464.01,470.93,462.33,468.13,261875.0,468.4,1912
2024-12-02,467.48,468.19,463.05,465.73,257465.0,465.923,1702
2024-12-03,462.86,468.51,455.01,456.97,531560.0,459.481,3163
2024-12-04,454.72,464.87,450.0,463.98,640891.0,458.534,2283
2024-12-05,461.35,467.06,457.96,459.92,611399.0,460.616,3351
2024-12-06,458.06,465.91,456.86,462.1,565974.0,460.575,1897
2024-12-09,467.98,476.02,467.0,473.98,477031.0,472.195,3464
2024-12-10,473.3,476.46,465.12,469.22,323377.0,469.419,2198
2024-12-11,472.31,472.33,460.73,468.29,434340.0,465.973,2567
2024-12-12,466.62,470.25,460.05,464.12,360307.0,464.126,2595
2024-12-13,462.05,466.72,459.79,463.73,374946.0,463.442,2671
2024-12-16,463.37,470.08,462.12,468.09,521471.0,466.036,4004
2024-12-17,468.07,474.19,465.62,469.24,405731.0,469.43,3085
2024-12-18,467.06,471.05,445.87,447.5,825386.0,458.143,4977
2024-12-19,391.6,404.04,377.85,396.64,5551430.0,393.432,30586
2024-12-20,395.72,401.31,386.49,397.27,2982914.0,395.654,15946
2024-12-23,392.46,405.93,390.91,405.27,912330.0,399.748,5326
2024-12-24,403.01,410.68,401.27,408.18,804392.0,407.28,4736
2024-12-26,406.58,411.29,406.02,410.65,571969.0,408.974,3692
2024-12-27,405.26,410.98,404.49,408.76,725939.0,407.569,4358
2024-12-30,404.54,407.35,399.06,399.35,855778.0,400.797,3902
2024-12-31,400.52,404.99,399.63,402.7,469999.0,401.941,3380
2025-01-02,403.14,409.6,402.72,405.76,676344.0,405.505,4676
2025-01-03,407.57,411.65,406.4,407.11,488388.0,408.941,3649
2025-01-06,401.31,404.74,399.0,402.49,855090.0,401.759,4668
2025-01-07,402.75,410.81,401.54,408.32,855071.0,407.874,6157
2025-01-08,410.71,412.36,407.24,412.11,560304.0,410.181,3921
2025-01-10,406.17,413.52,405.17,409.56,921048.0,410.145,6773
2025-01-13,407.99,416.55,397.24,413.37,992811.0,409.719,6757
2025-01-14,411.94,414.5,408.02,411.66,705791.0,411.615,4001
2025-01-15,415.13,425.49,415.13,424.26,646669.0,422.522,4761
2025-01-16,423.41,424.59,415.15,416.96,578742.0,418.634,4314
2025-01-17,422.73,428.25,419.27,422.0,810225.0,424.495,4107
2025-01-21,427.94,430.53,423.49,427.89,708282.0,427.921,4552
2025-01-22,427.66,432.6,424.65,428.0,472885.0,428.44,3541
2025-01-23,429.25,442.89,424.54,439.73,738530.0,436.318,5945
2025-01-24,438.73,442.66,436.6,439.62,844041.0,440.066,6306
2025-01-27,436.72,447.72,435.33,443.88,761737.0,443.853,5740
2025-01-28,443.88,446.98,438.01,440.68,495896.0,442.721,3785
2025-01-29,437.72,442.92,430.81,441.52,507157.0,438.705,3495
2025-01-30,443.56,444.28,435.0,438.4,530175.0,440.403,3063
2025-01-31,454.17,472.04,447.2,461.68,1941872.0,463.125,11161
2025-02-03,463.36,473.07,458.73,470.37,1086322.0,466.902,7604
2025-02-04,468.04,482.74,467.3,482.28,1019046.0,477.856,7994
2025-02-05,484.27,491.81,481.69,488.44,765860.0,487.717,5952
2025-02-06,487.79,488.43,478.81,481.16,415748.0,483.283,2840
2025-02-07,478.98,480.47,468.7,469.32,507838.0,473.744,3673
2025-02-10,470.58,471.94,464.01,469.97,721452.0,468.78,5230
2025-02-11,459.83,468.19,452.49,455.22,776325.0,459.103,4957
2025-02-12,451.83,455.67,446.0,453.2,546638.0,450.403,3786
2025-02-13,454.45,465.68,450.6,462.58,561710.0,459.758,3876
2025-02-14,462.18,469.55,457.36,459.0,389216.0,461.149,3081
2025-02-18,455.06,467.86,451.99,462.11,569494.0,459.549,3655
2025-02-19,463.12,472.12,461.91,471.76,657772.0,466.262,2906
2025-02-20,474.01,481.18,472.8,480.33,764407.0,477.804,4960
2025-02-21,481.36,487.38,479.69,484.24,604052.0,484.081,4311
2025-02-24,482.84,487.5,479.05,481.65,460112.0,482.432,3225
2025-02-25,480.95,486.14,476.26,480.35,494894.0,480.829,3621
2025-02-26,479.93,484.98,474.24,479.1,241150.0,480.527,1791
2025-02-27,475.34,486.07,473.51,474.5,343820.0,479.732,2346
2025-02-28,479.96,484.98,474.01,479.79,643554.0,478.755,5088
2025-03-03,477.82,490.65,477.73,483.31,508465.0,485.744,3504
2025-03-04,485.49,490.7,480.11,486.22,485355.0,485.668,3547
2025-03-05,485.25,495.54,483.54,491.64,387103.0,490.718,3023
2025-03-06,490.15,491.62,479.78,485.72,546893.0,486.15,3989
2025-03-07,485.71,492.34,482.82,488.29,459509.0,488.571,3677
2025-03-10,483.39,503.89,480.38,500.01,663383.0,498.27,4714
2025-03-11,496.86,497.5,480.28,488.34,493548.0,486.853,3613
2025-03-12,484.62,496.64,483.09,495.42,515776.0,492.704,3910
2025-03-13,493.66,512.75,488.0,502.92,732244.0,503.367,5244
2025-03-14,506.15,519.68,502.26,504.77,525261.0,508.289,3835
2025-03-17,505.2,517.2,504.0,513.76,389600.0,512.114,2888
2025-03-18,513.08,516.5,508.52,512.23,460553.0,513.77,3291
2025-03-19,512.01,514.82,505.0,512.52,431044.0,509.379,3224
2025-03-20,510.06,515.67,505.49,510.18,403632.0,510.117,2763
2025-03-21,505.07,510.08,501.07,503.2,695903.0,504.617,3628
2025-03-24,505.0,513.98,501.0,511.74,458954.0,510.975,3257
2025-03-25,511.78,512.71,503.98,509.04,311572.0,508.675,2397
2025-03-26,504.87,508.64,497.78,500.28,382447.0,502.05,2720
2025-03-27,498.59,506.54,498.59,502.55,368271.0,503.207,2213
2025-03-28,504.79,504.79,491.37,492.69,454354.0,495.335,2893
2025-03-31,487.13,487.13,471.5,484.82,786228.0,482.271,5802
2025-04-01,485.54,491.93,480.95,484.74,421031.0,485.393,3020
2025-04-02,481.64,487.93,480.41,483.49,336241.0,484.265,2669
2025-04-03,480.01,494.49,480.01,484.01,920072.0,486.392,6606
2025-04-04,484.94,499.07,473.64,474.62,1098195.0,483.914,8047
2025-04-07,465.94,481.74,448.14,474.56,1166521.0,468.522,9219
2025-04-08,477.5,483.94,466.98,472.37,1022453.0,474.709,7198
2025-04-09,460.34,487.15,452.0,482.3,1425011.0,469.838,10333
2025-04-10,478.99,480.0,455.68,475.49,1065896.0,469.728,7013
2025-04-11,477.11,486.97,468.3,484.22,594456.0,481.143,4214
2025-04-14,486.32,498.64,484.2,495.83,454667.0,493.529,3390
2025-04-15,499.0,501.91,493.12,500.49,380151.0,499.446,2725
2025-04-16,500.97,502.22,483.43,485.89,560710.0,489.74,4308
2025-04-17,492.23,492.23,485.08,489.1,431283.0,489.442,2736
2025-04-21,488.0,490.83,472.9,477.52,445636.0,480.296,3395
2025-04-22,483.83,491.8,480.56,490.47,388462.0,488.524,2656
2025-04-23,488.27,498.41,484.96,492.42,460642.0,492.046,3572
2025-04-24,492.42,494.1,486.65,492.47,490524.0,491.249,3918
2025-04-25,492.54,494.92,484.5,493.84,605015.0,491.236,4251
2025-04-28,495.4,498.65,490.37,496.49,384775.0,494.25,2973
2025-04-29,494.26,506.96,490.85,503.5,495918.0,502.363,3834
2025-04-30,500.79,510.77,497.34,509.5,479339.0,505.614,3610
2025-05-01,506.23,507.75,498.2,498.86,483604.0,501.362,3909
2025-05-02,505.86,509.0,498.03,501.15,658181.0,501.11,4272
2025-05-05,501.91,505.61,498.02,500.19,580846.0,501.971,4683
2025-05-06,465.56,467.85,428.54,450.03,4673940.0,443.41,33681
2025-05-07,447.52,449.0,432.29,434.82,2373034.0,438.071,14550
2025-05-08,431.15,432.14,423.4,429.6,1520930.0,427.261,9899
2025-05-09,430.24,434.93,424.8,424.99,671395.0,430.603,4911
2025-05-12,425.3,441.1,423.2,439.37,847521.0,437.234,5843
2025-05-13,437.53,442.12,429.54,432.0,1430592.0,435.792,7423
2025-05-14,432.0,433.41,416.6,421.16,1038019.0,422.032,7277
2025-05-15,424.69,434.42,421.76,434.38,785224.0,431.455,6172
2025-05-16,435.35,438.95,429.94,438.65,605282.0,435.155,4038
2025-05-19,437.49,441.63,435.15,440.66,455052.0,437.997,3417
2025-05-20,441.33,448.0,440.81,447.18,494052.0,445.068,3813
2025-05-21,444.37,445.16,433.77,435.32,458413.0,438.055,3655
2025-05-22,435.76,437.0,429.55,434.03,706585.0,432.942,4662
2025-05-23,427.11,436.59,427.11,436.0,619249.0,434.601,3650
2025-05-27,437.34,447.47,437.33,446.0,883869.0,444.943,5848
2025-05-28,446.53,451.64,443.4,445.1,448556.0,446.815,3347
2025-05-29,444.99,449.22,442.75,447.09,314229.0,446.494,2283
2025-05-30,447.64,447.99,439.37,442.05,396956.0,442.947,3071
2025-06-02,441.27,447.98,439.54,445.43,416835.0,444.166,3160
2025-06-03,444.3,449.85,439.54,446.48,631247.0,446.085,3406
2025-06-04,448.04,453.87,445.84,445.85,310035.0,447.933,2189
2025-06-05,445.01,447.49,437.45,443.82,512975.0,443.235,3897
2025-06-06,443.83,451.66,443.83,450.5,309865.0,449.041,2033
2025-06-09,450.78,451.52,444.84,446.15,281355.0,447.942,2071
2025-06-10,442.45,455.64,441.92,451.52,481168.0,450.246,3112
2025-06-11,451.3,460.33,450.12,452.44,281721.0,455.082,2212
2025-06-12,453.19,460.06,451.94,460.06,321908.0,457.666,2391
2025-06-13,455.39,460.1,454.0,455.45,305361.0,456.863,2358
2025-06-16,456.38,457.23,448.71,450.91,341527.0,452.631,2286
2025-06-17,449.43,452.71,440.75,441.99,571869.0,445.539,3333
2025-06-18,443.41,451.63,440.0,448.4,556985.0,447.456,3151
2025-06-20,451.26,451.81,436.8,440.87,807221.0,444.069,4313
2025-06-23,441.69,445.0,439.57,443.54,329386.0,442.03,2140
2025-06-24,445.0,451.88,441.0,450.27,383180.0,447.783,2813
2025-06-25,450.48,451.08,442.76,445.82,399812.0,445.951,2828
2025-06-26,445.82,446.18,441.13,443.4,451351.0,443.422,3315
2025-06-27,442.99,446.62,440.5,441.3,545154.0,443.649,3990
2025-06-30,440.45,446.45,439.23,445.2,342763.0,443.695,2411
2025-07-01,445.5,456.97,443.49,452.16,406118.0,451.237,3036
2025-07-02,449.8,457.75,448.0,457.03,343380.0,455.476,2431
2025-07-03,458.45,461.05,456.57,459.62,185649.0,459.305,1423
2025-07-07,460.0,461.25,455.79,459.41,522278.0,458.655,3683
2025-07-08,457.73,470.35,456.77,466.36,334095.0,466.136,2363
2025-07-09,468.09,479.34,466.79,478.97,386527.0,474.595,2955
2025-07-10,477.93,484.57,475.91,479.53,344373.0,480.712,2413
